duration,fwd_pkts,bwd_pkts,fwd_bytes,bwd_bytes,fwd_mean,bwd_mean,src_load,dst_load,pred,prob_attack,ground_truth
60058000.0,10.0,9.0,912.0,590.0,91.2,65.55555555555556,15.185320856505378,0.14985514003130307,0,0.021583958,1
60058000.0,10.0,9.0,912.0,590.0,91.2,65.55555555555556,15.185320856505378,0.14985514003130307,0,0.021583958,1
450607000.0,5.0,0.0,690.0,0.0,138.0,0.0,1.5312678231807317,0.0,0,0.036618393,0
470691000.0,49.0,39.0,9133.0,3408.0,186.38775510204084,87.38461538461537,19.40338778519241,0.08285690612312537,0,0.055899054,0
29997000.0,4.0,4.0,288.0,288.0,72.0,72.0,9.6009600960096,0.13334666800013334,0,0.08067968,0
0.0,1.0,1.0,90.0,90.0,90.0,90.0,0.0,0.0,0,0.33706087,0
0.0,1.0,1.0,90.0,90.0,90.0,90.0,0.0,0.0,0,0.33706087,0
0.0,1.0,1.0,90.0,90.0,90.0,90.0,0.0,0.0,0,0.33706087,0
1000.0,6.0,4.0,477.0,1406.0,79.5,351.5,477000.0,4000.0,0,0.07490421,0
0.0,6.0,4.0,477.0,1406.0,79.5,351.5,0.0,0.0,0,0.10317304,0
0.0,6.0,4.0,477.0,1406.0,79.5,351.5,0.0,0.0,0,0.10317304,0
0.0,6.0,4.0,477.0,1406.0,79.5,351.5,0.0,0.0,0,0.10317304,0
0.0,6.0,4.0,477.0,1406.0,79.5,351.5,0.0,0.0,0,0.10317304,0
1000.0,6.0,4.0,477.0,1406.0,79.5,351.5,477000.0,4000.0,0,0.07490421,0
1000.0,6.0,4.0,477.0,1406.0,79.5,351.5,477000.0,4000.0,0,0.07490421,0
22000.0,6.0,4.0,477.0,1406.0,79.5,351.5,21681.818181818184,181.81818181818184,0,0.14112653,0
0.0,6.0,4.0,477.0,1406.0,79.5,351.5,0.0,0.0,0,0.10317304,0
1000.0,6.0,4.0,477.0,1406.0,79.5,351.5,477000.0,4000.0,0,0.07490421,0
1000.0,6.0,4.0,477.0,1406.0,79.5,351.5,477000.0,4000.0,0,0.07490421,0
1000.0,6.0,4.0,477.0,1406.0,79.5,351.5,477000.0,4000.0,0,0.07490421,0
1000.0,6.0,4.0,477.0,1406.0,79.5,351.5,477000.0,4000.0,0,0.07490421,0
0.0,6.0,4.0,477.0,1406.0,79.5,351.5,0.0,0.0,0,0.10317304,0
0.0,6.0,4.0,477.0,1406.0,79.5,351.5,0.0,0.0,0,0.10317304,0
0.0,6.0,4.0,477.0,1406.0,79.5,351.5,0.0,0.0,0,0.10317304,0
1000.0,1.0,1.0,90.0,90.0,90.0,90.0,90000.0,1000.0,0,0.063999005,0
0.0,6.0,4.0,477.0,1406.0,79.5,351.5,0.0,0.0,0,0.10317304,0
1000.0,6.0,4.0,477.0,1406.0,79.5,351.5,477000.0,4000.0,0,0.07490421,0
1000.0,6.0,4.0,477.0,1406.0,79.5,351.5,477000.0,4000.0,0,0.07490421,0
1000.0,6.0,4.0,477.0,1406.0,79.5,351.5,477000.0,4000.0,0,0.07490421,0
1000.0,6.0,4.0,477.0,1406.0,79.5,351.5,477000.0,4000.0,0,0.07490421,0
1000.0,6.0,4.0,477.0,1406.0,79.5,351.5,477000.0,4000.0,0,0.07490421,1
0.0,6.0,4.0,477.0,1406.0,79.5,351.5,0.0,0.0,0,0.10317304,1
1000.0,6.0,4.0,477.0,1406.0,79.5,351.5,477000.0,4000.0,0,0.07490421,1
1000.0,6.0,4.0,477.0,1406.0,79.5,351.5,477000.0,4000.0,0,0.07490421,1
1000.0,6.0,4.0,477.0,1406.0,79.5,351.5,477000.0,4000.0,0,0.07490421,1
1000.0,6.0,4.0,477.0,1406.0,79.5,351.5,477000.0,4000.0,0,0.07490421,1
0.0,6.0,4.0,477.0,1406.0,79.5,351.5,0.0,0.0,0,0.10317304,1
0.0,6.0,4.0,477.0,1406.0,79.5,351.5,0.0,0.0,0,0.10317304,1
1000.0,6.0,4.0,477.0,1406.0,79.5,351.5,477000.0,4000.0,0,0.07490421,1
0.0,6.0,4.0,477.0,1406.0,79.5,351.5,0.0,0.0,0,0.10317304,1
0.0,6.0,4.0,477.0,1406.0,79.5,351.5,0.0,0.0,0,0.10317304,1
0.0,1.0,1.0,90.0,90.0,90.0,90.0,0.0,0.0,0,0.33706087,1
0.0,6.0,4.0,477.0,1406.0,79.5,351.5,0.0,0.0,0,0.10317304,1
0.0,6.0,4.0,477.0,1406.0,79.5,351.5,0.0,0.0,0,0.10317304,1
0.0,6.0,4.0,477.0,1406.0,79.5,351.5,0.0,0.0,0,0.10317304,1
1000.0,6.0,4.0,477.0,1406.0,79.5,351.5,477000.0,4000.0,0,0.07490421,1
1000.0,6.0,4.0,477.0,1406.0,79.5,351.5,477000.0,4000.0,0,0.07490421,1
1000.0,6.0,4.0,477.0,1406.0,79.5,351.5,477000.0,4000.0,0,0.07490421,1
1000.0,6.0,4.0,477.0,1406.0,79.5,351.5,477000.0,4000.0,0,0.07490421,1
1000.0,6.0,4.0,477.0,1406.0,79.5,351.5,477000.0,4000.0,0,0.07490421,1
1000.0,6.0,4.0,477.0,1406.0,79.5,351.5,477000.0,4000.0,0,0.07490421,1
1000.0,6.0,4.0,477.0,1406.0,79.5,351.5,477000.0,4000.0,0,0.07490421,1
1000.0,6.0,4.0,477.0,1406.0,79.5,351.5,477000.0,4000.0,0,0.07490421,1
1000.0,6.0,4.0,477.0,1406.0,79.5,351.5,477000.0,4000.0,0,0.07490421,1
1000.0,6.0,4.0,477.0,1406.0,79.5,351.5,477000.0,4000.0,0,0.07490421,1
1000.0,6.0,4.0,477.0,1406.0,79.5,351.5,477000.0,4000.0,0,0.07490421,1
0.0,1.0,1.0,103.0,180.0,103.0,180.0,0.0,0.0,0,0.18438068,1
1000.0,1.0,1.0,103.0,119.0,103.0,119.0,103000.0,1000.0,0,0.07438346,1
60029000.0,17.0,17.0,4845.0,7289.0,285.0,428.7647058823528,80.71098968831731,0.2831964550467274,0,0.004701814,1
1000.0,6.0,4.0,477.0,1406.0,79.5,351.5,477000.0,4000.0,0,0.07490421,1
1000.0,6.0,4.0,477.0,1406.0,79.5,351.5,477000.0,4000.0,0,0.07490421,1
0.0,1.0,1.0,90.0,90.0,90.0,90.0,0.0,0.0,0,0.33706087,1
1000.0,6.0,4.0,477.0,1406.0,79.5,351.5,477000.0,4000.0,0,0.07490421,1
1000.0,6.0,4.0,477.0,1406.0,79.5,351.5,477000.0,4000.0,0,0.07490421,1
1000.0,6.0,4.0,477.0,1406.0,79.5,351.5,477000.0,4000.0,0,0.07490421,1
1000.0,6.0,4.0,477.0,1406.0,79.5,351.5,477000.0,4000.0,0,0.07490421,1
1000.0,6.0,4.0,477.0,1406.0,79.5,351.5,477000.0,4000.0,0,0.07490421,1
1000.0,6.0,4.0,477.0,1406.0,79.5,351.5,477000.0,4000.0,0,0.07490421,1
1000.0,6.0,4.0,477.0,1406.0,79.5,351.5,477000.0,4000.0,0,0.07490421,1
1000.0,6.0,4.0,477.0,1406.0,79.5,351.5,477000.0,4000.0,0,0.07490421,1
1000.0,6.0,4.0,477.0,1406.0,79.5,351.5,477000.0,4000.0,0,0.07490421,1
1000.0,6.0,4.0,477.0,1406.0,79.5,351.5,477000.0,4000.0,0,0.07490421,1
0.0,6.0,4.0,477.0,1406.0,79.5,351.5,0.0,0.0,0,0.10317304,1
0.0,6.0,4.0,477.0,1406.0,79.5,351.5,0.0,0.0,0,0.10317304,1
3818000.0,14.0,12.0,2737.0,2705.0,195.5,225.41666666666663,716.867469879518,3.143006809848088,0,0.01716785,1
0.0,1.0,1.0,90.0,90.0,90.0,90.0,0.0,0.0,0,0.33706087,1
1825000.0,12.0,12.0,2605.0,2705.0,217.0833333333333,225.41666666666663,1427.3972602739727,6.575342465753425,0,0.019118322,1
1826000.0,12.0,12.0,2605.0,2705.0,217.0833333333333,225.41666666666663,1426.6155531215772,6.571741511500547,0,0.019118322,1
3583000.0,12.0,12.0,2605.0,2705.0,217.0833333333333,225.41666666666663,727.0443762210438,3.3491487580240022,0,0.01486888,1
1840000.0,12.0,12.0,2605.0,2705.0,217.0833333333333,225.41666666666663,1415.7608695652173,6.521739130434782,0,0.019127222,1
1000.0,5.0,5.0,490.0,572.0,98.0,114.4,490000.0,5000.0,0,0.020619018,1
0.0,5.0,5.0,535.0,600.0,107.0,120.0,0.0,0.0,0,0.049289737,1
1000.0,5.0,5.0,535.0,600.0,107.0,120.0,535000.0,5000.0,0,0.037653122,1
1000.0,5.0,5.0,535.0,600.0,107.0,120.0,535000.0,5000.0,0,0.037653122,1
1000.0,5.0,5.0,535.0,600.0,107.0,120.0,535000.0,5000.0,0,0.037653122,1
0.0,5.0,5.0,585.0,591.0,117.0,118.2,0.0,0.0,0,0.053866,1
3583000.0,12.0,12.0,2605.0,2705.0,217.0833333333333,225.41666666666663,727.0443762210438,3.3491487580240022,0,0.01486888,1
3586000.0,12.0,12.0,2605.0,2705.0,217.0833333333333,225.41666666666663,726.4361405465701,3.3463469046291134,0,0.01486888,1
0.0,1.0,1.0,90.0,90.0,90.0,90.0,0.0,0.0,0,0.33706087,1
3586000.0,12.0,12.0,2605.0,2705.0,217.0833333333333,225.41666666666663,726.4361405465701,3.3463469046291134,0,0.01486888,1
3597000.0,12.0,12.0,2605.0,2705.0,217.0833333333333,225.41666666666663,724.2146232971921,3.336113427856547,0,0.013493604,1
1830000.0,12.0,12.0,2605.0,2705.0,217.0833333333333,225.41666666666663,1423.4972677595629,6.557377049180328,0,0.019118322,1
3583000.0,12.0,12.0,2605.0,2705.0,217.0833333333333,225.41666666666663,727.0443762210438,3.3491487580240022,0,0.01486888,1
3587000.0,12.0,12.0,2605.0,2705.0,217.0833333333333,225.41666666666663,726.2336214106496,3.345413994981879,0,0.01486888,1
0.0,1.0,1.0,90.0,90.0,90.0,90.0,0.0,0.0,0,0.33706087,1
3587000.0,12.0,12.0,2605.0,2705.0,217.0833333333333,225.41666666666663,726.2336214106496,3.345413994981879,0,0.01486888,1
1830000.0,12.0,12.0,2605.0,2705.0,217.0833333333333,225.41666666666663,1423.4972677595629,6.557377049180328,0,0.019118322,1
3583000.0,12.0,12.0,2605.0,2705.0,217.0833333333333,225.41666666666663,727.0443762210438,3.3491487580240022,0,0.01486888,1
1830000.0,12.0,12.0,2605.0,2705.0,217.0833333333333,225.41666666666663,1423.4972677595629,6.557377049180328,0,0.019118322,1
3583000.0,12.0,12.0,2605.0,2705.0,217.0833333333333,225.41666666666663,727.0443762210438,3.3491487580240022,0,0.01486888,1
3597000.0,12.0,12.0,2605.0,2705.0,217.0833333333333,225.41666666666663,724.2146232971921,3.336113427856547,0,0.013493604,1
0.0,1.0,1.0,90.0,90.0,90.0,90.0,0.0,0.0,0,0.33706087,1
3586000.0,12.0,12.0,2605.0,2705.0,217.0833333333333,225.41666666666663,726.4361405465701,3.3463469046291134,0,0.01486888,1
1829000.0,12.0,12.0,2605.0,2705.0,217.0833333333333,225.41666666666663,1424.2755604155277,6.560962274466922,0,0.019118322,1
1826000.0,12.0,12.0,2605.0,2705.0,217.0833333333333,225.41666666666663,1426.6155531215772,6.571741511500547,0,0.019118322,1
3583000.0,12.0,12.0,2605.0,2705.0,217.0833333333333,225.41666666666663,727.0443762210438,3.3491487580240022,0,0.01486888,1
3666000.0,12.0,12.0,2605.0,2705.0,217.0833333333333,225.41666666666663,710.5837424986362,3.2733224222585924,0,0.015405098,1
0.0,1.0,1.0,90.0,90.0,90.0,90.0,0.0,0.0,0,0.33706087,1
3586000.0,12.0,12.0,2605.0,2705.0,217.0833333333333,225.41666666666663,726.4361405465701,3.3463469046291134,0,0.01486888,1
3587000.0,12.0,12.0,2605.0,2705.0,217.0833333333333,225.41666666666663,726.2336214106496,3.345413994981879,0,0.01486888,1
3587000.0,12.0,12.0,2605.0,2705.0,217.0833333333333,225.41666666666663,726.2336214106496,3.345413994981879,0,0.01486888,1
3586000.0,12.0,12.0,2605.0,2705.0,217.0833333333333,225.41666666666663,726.4361405465701,3.3463469046291134,0,0.01486888,1
1829000.0,12.0,12.0,2605.0,2705.0,217.0833333333333,225.41666666666663,1424.2755604155277,6.560962274466922,0,0.019118322,1
0.0,1.0,1.0,90.0,90.0,90.0,90.0,0.0,0.0,0,0.33706087,1
3582000.0,12.0,12.0,2605.0,2705.0,217.0833333333333,225.41666666666663,727.247347850363,3.3500837520938025,0,0.01486888,1
1830000.0,12.0,12.0,2605.0,2705.0,217.0833333333333,225.41666666666663,1423.4972677595629,6.557377049180328,0,0.019118322,1
3583000.0,12.0,12.0,2605.0,2705.0,217.0833333333333,225.41666666666663,727.0443762210438,3.3491487580240022,0,0.01486888,1
1829000.0,12.0,12.0,2605.0,2705.0,217.0833333333333,225.41666666666663,1424.2755604155277,6.560962274466922,0,0.019118322,1
3583000.0,12.0,12.0,2605.0,2705.0,217.0833333333333,225.41666666666663,727.0443762210438,3.3491487580240022,0,0.01486888,1
1829000.0,12.0,12.0,2605.0,2705.0,217.0833333333333,225.41666666666663,1424.2755604155277,6.560962274466922,0,0.019118322,1
1000.0,1.0,1.0,90.0,90.0,90.0,90.0,90000.0,1000.0,0,0.063999005,1
3583000.0,12.0,12.0,2605.0,2705.0,217.0833333333333,225.41666666666663,727.0443762210438,3.3491487580240022,0,0.01486888,1
3586000.0,12.0,12.0,2605.0,2705.0,217.0833333333333,225.41666666666663,726.4361405465701,3.3463469046291134,0,0.01486888,1
3587000.0,12.0,12.0,2605.0,2705.0,217.0833333333333,225.41666666666663,726.2336214106496,3.345413994981879,0,0.01486888,1
1829000.0,12.0,12.0,2605.0,2705.0,217.0833333333333,225.41666666666663,1424.2755604155277,6.560962274466922,0,0.019118322,1
3582000.0,12.0,12.0,2605.0,2705.0,217.0833333333333,225.41666666666663,727.247347850363,3.3500837520938025,0,0.01486888,1
0.0,1.0,1.0,90.0,90.0,90.0,90.0,0.0,0.0,0,0.33706087,1
3584000.0,12.0,12.0,2593.0,2705.0,216.0833333333333,225.41666666666669,723.4933035714286,3.3482142857142856,0,0.016971843,1
60073000.0,10.0,9.0,911.0,590.0,91.1,65.55555555555556,15.16488272601668,0.14981772177184424,0,0.021583958,1
60072000.0,10.0,9.0,911.0,590.0,91.1,65.55555555555556,15.165135171127979,0.14982021574111065,0,0.021583958,1
60072000.0,10.0,9.0,908.0,590.0,90.8,65.55555555555556,15.115195099214276,0.14982021574111065,0,0.019687552,1
60072000.0,10.0,9.0,908.0,590.0,90.8,65.55555555555556,15.115195099214276,0.14982021574111065,0,0.019687552,1
60072000.0,10.0,9.0,910.0,590.0,91.0,65.55555555555556,15.148488480490078,0.14982021574111065,0,0.021583958,1
60072000.0,10.0,9.0,911.0,590.0,91.1,65.55555555555556,15.165135171127979,0.14982021574111065,0,0.021583958,1
60071000.0,10.0,9.0,911.0,590.0,91.1,65.55555555555556,15.165387624644172,0.14982270979341114,0,0.021583958,1
60071000.0,10.0,9.0,910.0,590.0,91.0,65.55555555555556,15.148740656889348,0.14982270979341114,0,0.021583958,1
60071000.0,10.0,9.0,909.0,590.0,90.9,65.55555555555556,15.132093689134525,0.14982270979341114,0,0.019687552,1
60071000.0,10.0,9.0,908.0,590.0,90.8,65.55555555555556,15.115446721379701,0.14982270979341114,0,0.019687552,1
60071000.0,10.0,9.0,911.0,590.0,91.1,65.55555555555556,15.165387624644172,0.14982270979341114,0,0.021583958,1
60071000.0,10.0,9.0,910.0,590.0,91.0,65.55555555555556,15.148740656889348,0.14982270979341114,0,0.021583958,1
60070000.0,10.0,9.0,911.0,590.0,91.1,65.55555555555556,15.165640086565674,0.1498252039287498,0,0.021583958,1
60070000.0,10.0,9.0,908.0,590.0,90.8,65.55555555555556,15.115698351922756,0.1498252039287498,0,0.019687552,1
60071000.0,10.0,9.0,912.0,590.0,91.2,65.55555555555556,15.182034592398995,0.14982270979341114,0,0.021583958,1
60070000.0,10.0,9.0,910.0,590.0,91.0,65.55555555555556,15.1489928416847,0.1498252039287498,0,0.021583958,1
60071000.0,10.0,9.0,912.0,590.0,91.2,65.55555555555556,15.182034592398995,0.14982270979341114,0,0.021583958,1
60071000.0,10.0,9.0,910.0,590.0,91.0,65.55555555555556,15.148740656889348,0.14982270979341114,0,0.021583958,1
60070000.0,10.0,9.0,910.0,590.0,91.0,65.55555555555556,15.1489928416847,0.1498252039287498,0,0.021583958,1
60070000.0,10.0,9.0,911.0,590.0,91.1,65.55555555555556,15.165640086565674,0.1498252039287498,0,0.021583958,1
60070000.0,10.0,9.0,911.0,590.0,91.1,65.55555555555556,15.165640086565674,0.1498252039287498,0,0.021583958,1
60070000.0,10.0,9.0,909.0,590.0,90.9,65.55555555555556,15.132345596803729,0.1498252039287498,0,0.019687552,1
60070000.0,10.0,9.0,912.0,590.0,91.2,65.55555555555556,15.182287331446645,0.1498252039287498,0,0.021583958,1
60070000.0,10.0,9.0,910.0,590.0,91.0,65.55555555555556,15.1489928416847,0.1498252039287498,0,0.021583958,1
60070000.0,10.0,9.0,912.0,590.0,91.2,65.55555555555556,15.182287331446645,0.1498252039287498,0,0.021583958,1
60069000.0,10.0,9.0,911.0,590.0,91.1,65.55555555555556,15.165892556892906,0.1498276981471308,0,0.021583958,1
60069000.0,10.0,9.0,911.0,590.0,91.1,65.55555555555556,15.165892556892906,0.1498276981471308,0,0.021583958,1
60069000.0,10.0,9.0,911.0,590.0,91.1,65.55555555555556,15.165892556892906,0.1498276981471308,0,0.021583958,1
60069000.0,10.0,9.0,910.0,590.0,91.0,65.55555555555556,15.149245034876557,0.1498276981471308,0,0.021583958,1
60069000.0,10.0,9.0,910.0,590.0,91.0,65.55555555555556,15.149245034876557,0.1498276981471308,0,0.021583958,1
60069000.0,10.0,9.0,911.0,590.0,91.1,65.55555555555556,15.165892556892906,0.1498276981471308,0,0.021583958,1
60068000.0,10.0,9.0,912.0,590.0,91.2,65.55555555555556,15.182792834787241,0.1498301924485583,0,0.021583958,1
60068000.0,10.0,9.0,909.0,590.0,90.9,65.55555555555556,15.132849437304388,0.1498301924485583,0,0.019687552,1
60068000.0,10.0,9.0,911.0,590.0,91.1,65.55555555555556,15.166145035626291,0.1498301924485583,0,0.021583958,1
60068000.0,10.0,9.0,911.0,590.0,91.1,65.55555555555556,15.166145035626291,0.1498301924485583,0,0.021583958,1
60068000.0,10.0,9.0,912.0,590.0,91.2,65.55555555555556,15.182792834787241,0.1498301924485583,0,0.021583958,1
60068000.0,10.0,9.0,910.0,590.0,91.0,65.55555555555556,15.14949723646534,0.1498301924485583,0,0.021583958,1
60067000.0,10.0,9.0,911.0,590.0,91.1,65.55555555555556,15.166397522766244,0.14983268683303644,0,0.021583958,1
60067000.0,10.0,9.0,911.0,590.0,91.1,65.55555555555556,15.166397522766244,0.14983268683303644,0,0.021583958,1
60067000.0,10.0,9.0,909.0,590.0,90.9,65.55555555555556,15.13310137013668,0.14983268683303644,0,0.019687552,1
60067000.0,10.0,9.0,911.0,590.0,91.1,65.55555555555556,15.166397522766244,0.14983268683303644,0,0.021583958,1
60067000.0,10.0,9.0,912.0,590.0,91.2,65.55555555555556,15.183045599081026,0.14983268683303644,0,0.021583958,1
60066000.0,10.0,9.0,912.0,590.0,91.2,65.55555555555556,15.183298371791029,0.14983518130056936,0,0.021583958,1
60066000.0,10.0,9.0,912.0,590.0,91.2,65.55555555555556,15.183298371791029,0.14983518130056936,0,0.021583958,1
60066000.0,10.0,9.0,911.0,590.0,91.1,65.55555555555556,15.166650018313188,0.14983518130056936,0,0.021583958,1
60066000.0,10.0,9.0,911.0,590.0,91.1,65.55555555555556,15.166650018313188,0.14983518130056936,0,0.021583958,1
60066000.0,10.0,9.0,909.0,590.0,90.9,65.55555555555556,15.133353311357506,0.14983518130056936,0,0.019687552,1
60066000.0,10.0,9.0,910.0,590.0,91.0,65.55555555555556,15.150001664835347,0.14983518130056936,0,0.021583958,1
60065000.0,10.0,9.0,910.0,590.0,91.0,65.55555555555556,15.150253891617416,0.14983767585116126,0,0.021583958,1
60065000.0,10.0,9.0,912.0,590.0,91.2,65.55555555555556,15.183551152917673,0.14983767585116126,0,0.021583958,1
60065000.0,10.0,9.0,909.0,590.0,90.9,65.55555555555556,15.133605260967286,0.14983767585116126,0,0.019687552,1
60065000.0,10.0,9.0,911.0,590.0,91.1,65.55555555555556,15.166902522267543,0.14983767585116126,0,0.021583958,1
60065000.0,10.0,9.0,911.0,590.0,91.1,65.55555555555556,15.166902522267543,0.14983767585116126,0,0.021583958,1
60064000.0,10.0,9.0,912.0,590.0,91.2,65.55555555555556,15.183803942461374,0.1498401704848162,0,0.021583958,1
60064000.0,10.0,9.0,911.0,590.0,91.1,65.55555555555556,15.167155034629728,0.1498401704848162,0,0.021583958,1
60064000.0,10.0,9.0,912.0,590.0,91.2,65.55555555555556,15.183803942461374,0.1498401704848162,0,0.021583958,1
60064000.0,10.0,9.0,909.0,590.0,90.9,65.55555555555556,15.133857218966435,0.1498401704848162,0,0.019687552,1
60064000.0,10.0,9.0,911.0,590.0,91.1,65.55555555555556,15.167155034629728,0.1498401704848162,0,0.021583958,1
60064000.0,10.0,9.0,912.0,590.0,91.2,65.55555555555556,15.183803942461374,0.1498401704848162,0,0.021583958,1
60064000.0,10.0,9.0,911.0,590.0,91.1,65.55555555555556,15.167155034629728,0.1498401704848162,0,0.021583958,1
60063000.0,10.0,9.0,910.0,590.0,91.0,65.55555555555556,15.150758370377769,0.14984266520153838,0,0.021583958,1
60063000.0,10.0,9.0,910.0,590.0,91.0,65.55555555555556,15.150758370377769,0.14984266520153838,0,0.021583958,1
60063000.0,10.0,9.0,910.0,590.0,91.0,65.55555555555556,15.150758370377769,0.14984266520153838,0,0.021583958,1
60063000.0,10.0,9.0,910.0,590.0,91.0,65.55555555555556,15.150758370377769,0.14984266520153838,0,0.021583958,1
60063000.0,10.0,9.0,911.0,590.0,91.1,65.55555555555556,15.167407555400162,0.14984266520153838,0,0.021583958,1
60063000.0,10.0,9.0,912.0,590.0,91.2,65.55555555555556,15.184056740422555,0.14984266520153838,0,0.021583958,1
60062000.0,10.0,9.0,909.0,590.0,90.9,65.55555555555556,15.134361160134528,0.14984516000133197,0,0.019687552,1
60062000.0,10.0,9.0,910.0,590.0,91.0,65.55555555555556,15.151010622356898,0.14984516000133197,0,0.021583958,1
60062000.0,10.0,9.0,910.0,590.0,91.0,65.55555555555556,15.151010622356898,0.14984516000133197,0,0.021583958,1
60062000.0,10.0,9.0,910.0,590.0,91.0,65.55555555555556,15.151010622356898,0.14984516000133197,0,0.021583958,1
60062000.0,10.0,9.0,910.0,590.0,91.0,65.55555555555556,15.151010622356898,0.14984516000133197,0,0.021583958,1
60062000.0,10.0,9.0,911.0,590.0,91.1,65.55555555555556,15.16766008457927,0.14984516000133197,0,0.021583958,1
60061000.0,10.0,9.0,910.0,590.0,91.0,65.55555555555556,15.151262882735885,0.14984765488420107,0,0.021583958,1
60061000.0,10.0,9.0,911.0,590.0,91.1,65.55555555555556,15.167912622167464,0.14984765488420107,0,0.021583958,1
60061000.0,10.0,9.0,909.0,590.0,90.9,65.55555555555556,15.134613143304307,0.14984765488420107,0,0.019687552,1
60061000.0,10.0,9.0,910.0,590.0,91.0,65.55555555555556,15.151262882735885,0.14984765488420107,0,0.021583958,1
60061000.0,10.0,9.0,910.0,590.0,91.0,65.55555555555556,15.151262882735885,0.14984765488420107,0,0.021583958,1
60061000.0,10.0,9.0,911.0,590.0,91.1,65.55555555555556,15.167912622167464,0.14984765488420107,0,0.021583958,1
60060000.0,10.0,9.0,911.0,590.0,91.1,65.55555555555556,15.168165168165167,0.14985014985014986,0,0.021583958,1
60060000.0,10.0,9.0,911.0,590.0,91.1,65.55555555555556,15.168165168165167,0.14985014985014986,0,0.021583958,1
60060000.0,10.0,9.0,909.0,590.0,90.9,65.55555555555556,15.134865134865134,0.14985014985014986,0,0.019687552,1
60060000.0,10.0,9.0,909.0,590.0,90.9,65.55555555555556,15.134865134865134,0.14985014985014986,0,0.019687552,1
60060000.0,10.0,9.0,911.0,590.0,91.1,65.55555555555556,15.168165168165167,0.14985014985014986,0,0.021583958,1
60060000.0,10.0,9.0,912.0,590.0,91.2,65.55555555555556,15.184815184815184,0.14985014985014986,0,0.021583958,1
60060000.0,10.0,9.0,910.0,590.0,91.0,65.55555555555556,15.15151515151515,0.14985014985014986,0,0.021583958,1
60059000.0,10.0,9.0,912.0,590.0,91.2,65.55555555555556,15.185068016450492,0.14985264489918249,0,0.021583958,1
60059000.0,10.0,9.0,911.0,590.0,91.1,65.55555555555556,15.168417722572803,0.14985264489918249,0,0.021583958,1
60059000.0,10.0,9.0,910.0,590.0,91.0,65.55555555555556,15.151767428695116,0.14985264489918249,0,0.021583958,1
60059000.0,10.0,9.0,910.0,590.0,91.0,65.55555555555556,15.151767428695116,0.14985264489918249,0,0.021583958,1
60059000.0,10.0,9.0,911.0,590.0,91.1,65.55555555555556,15.168417722572803,0.14985264489918249,0,0.021583958,1
60059000.0,10.0,9.0,912.0,590.0,91.2,65.55555555555556,15.185068016450492,0.14985264489918249,0,0.021583958,1
60058000.0,10.0,9.0,909.0,590.0,90.9,65.55555555555556,15.135369143161611,0.14985514003130307,0,0.019687552,1
60058000.0,10.0,9.0,912.0,590.0,91.2,65.55555555555556,15.185320856505378,0.14985514003130307,0,0.021583958,1
60058000.0,10.0,9.0,911.0,590.0,91.1,65.55555555555556,15.168670285390789,0.14985514003130307,0,0.021583958,1
60058000.0,10.0,9.0,907.0,590.0,90.7,65.55555555555556,15.102068000932432,0.14985514003130307,0,0.019687552,1
60057000.0,10.0,9.0,907.0,590.0,90.7,65.55555555555556,15.102319463176649,0.1498576352465158,0,0.019687552,1
60057000.0,10.0,9.0,911.0,590.0,91.1,65.55555555555556,15.168922856619544,0.1498576352465158,0,0.021583958,1
60057000.0,10.0,9.0,910.0,590.0,91.0,65.55555555555556,15.15227200825882,0.1498576352465158,0,0.021583958,1
1000.0,5.0,5.0,490.0,572.0,98.0,114.4,490000.0,5000.0,0,0.020619018,1
1000.0,5.0,5.0,535.0,600.0,107.0,120.0,535000.0,5000.0,0,0.037653122,1
0.0,5.0,5.0,535.0,600.0,107.0,120.0,0.0,0.0,0,0.049289737,1
1000.0,5.0,5.0,535.0,600.0,107.0,120.0,535000.0,5000.0,0,0.037653122,1
0.0,5.0,5.0,535.0,600.0,107.0,120.0,0.0,0.0,0,0.049289737,1
1000.0,5.0,5.0,585.0,591.0,117.0,118.2,585000.0,5000.0,0,0.026147548,1
1000.0,1.0,1.0,90.0,90.0,90.0,90.0,90000.0,1000.0,0,0.063999005,1
1000.0,1.0,1.0,90.0,90.0,90.0,90.0,90000.0,1000.0,0,0.063999005,1
0.0,1.0,0.0,70.0,0.0,70.0,0.0,0.0,0.0,0,0.036176946,1
0.0,1.0,1.0,90.0,90.0,90.0,90.0,0.0,0.0,0,0.33706087,1
1000.0,5.0,5.0,550.0,575.0,110.0,115.0,550000.0,5000.0,0,0.033797882,1
2000.0,5.0,5.0,582.0,605.0,116.4,121.0,291000.0,2500.0,0,0.07509159,1
0.0,5.0,5.0,595.0,1071.0,119.0,214.2,0.0,0.0,1,0.71517074,1
1000.0,5.0,5.0,582.0,605.0,116.4,121.0,582000.0,5000.0,0,0.028928323,1
1000.0,5.0,5.0,598.0,601.0,119.6,120.2,598000.0,5000.0,0,0.023149336,1
1000.0,5.0,5.0,601.0,594.0,120.2,118.8,601000.0,5000.0,0,0.024701962,1
6000.0,2.0,2.0,208.0,285.0,104.0,142.5,34666.666666666664,333.3333333333333,0,0.26420873,1
1000.0,1.0,1.0,103.0,119.0,103.0,119.0,103000.0,1000.0,0,0.07438346,1
1000.0,1.0,1.0,103.0,180.0,103.0,180.0,103000.0,1000.0,0,0.037398566,1
60043000.0,20.0,17.0,5382.0,7272.0,269.1,427.76470588235287,89.63576103792282,0.283130423196709,0,0.007267166,1
209000.0,1.0,1.0,90.0,90.0,90.0,90.0,430.622009569378,4.784688995215311,0,0.05795006,1
218000.0,1.0,1.0,90.0,90.0,90.0,90.0,412.8440366972477,4.587155963302752,0,0.081086,1
1000.0,1.0,1.0,90.0,90.0,90.0,90.0,90000.0,1000.0,0,0.063999005,1
220000.0,1.0,1.0,90.0,90.0,90.0,90.0,409.09090909090907,4.545454545454546,0,0.081086,1
44877000.0,8.0,6.0,745.0,404.0,93.125,67.33333333333333,16.600931434810704,0.1336987766561936,0,0.023903945,1
44876000.0,8.0,6.0,746.0,404.0,93.25,67.33333333333333,16.62358498974953,0.13370175594972813,0,0.023903945,1
44876000.0,8.0,6.0,745.0,404.0,93.125,67.33333333333333,16.601301363757912,0.13370175594972813,0,0.023903945,1
44876000.0,8.0,6.0,746.0,404.0,93.25,67.33333333333333,16.62358498974953,0.13370175594972813,0,0.023903945,1
44876000.0,8.0,6.0,746.0,404.0,93.25,67.33333333333333,16.62358498974953,0.13370175594972813,0,0.023903945,1
44876000.0,8.0,6.0,747.0,404.0,93.375,67.33333333333333,16.645868615741154,0.13370175594972813,0,0.023903945,1
44875000.0,8.0,6.0,746.0,404.0,93.25,67.33333333333333,16.623955431754876,0.13370473537604458,0,0.023903945,1
44875000.0,8.0,6.0,745.0,404.0,93.125,67.33333333333333,16.601671309192202,0.13370473537604458,0,0.023903945,1
44875000.0,8.0,6.0,747.0,404.0,93.375,67.33333333333333,16.64623955431755,0.13370473537604458,0,0.023903945,1
44875000.0,8.0,6.0,747.0,404.0,93.375,67.33333333333333,16.64623955431755,0.13370473537604458,0,0.023903945,1
44875000.0,8.0,6.0,746.0,404.0,93.25,67.33333333333333,16.623955431754876,0.13370473537604458,0,0.023903945,1
44875000.0,8.0,6.0,745.0,404.0,93.125,67.33333333333333,16.601671309192202,0.13370473537604458,0,0.023903945,1
44875000.0,8.0,6.0,744.0,404.0,93.0,67.33333333333333,16.579387186629525,0.13370473537604458,0,0.027589783,1
44874000.0,8.0,6.0,747.0,404.0,93.375,67.33333333333333,16.64661050942639,0.13370771493515174,0,0.023903945,1
44874000.0,8.0,6.0,746.0,404.0,93.25,67.33333333333333,16.624325890270534,0.13370771493515174,0,0.023903945,1
44874000.0,8.0,6.0,747.0,404.0,93.375,67.33333333333333,16.64661050942639,0.13370771493515174,0,0.023903945,1
44874000.0,8.0,6.0,746.0,404.0,93.25,67.33333333333333,16.624325890270534,0.13370771493515174,0,0.023903945,1
44874000.0,8.0,6.0,745.0,404.0,93.125,67.33333333333333,16.602041271114675,0.13370771493515174,0,0.023903945,1
44874000.0,8.0,6.0,745.0,404.0,93.125,67.33333333333333,16.602041271114675,0.13370771493515174,0,0.023903945,1
44873000.0,8.0,6.0,747.0,404.0,93.375,67.33333333333333,16.646981481068796,0.1337106946270586,0,0.023903945,1
44873000.0,8.0,6.0,746.0,404.0,93.25,67.33333333333333,16.62469636529762,0.1337106946270586,0,0.023903945,1
44873000.0,8.0,6.0,746.0,404.0,93.25,67.33333333333333,16.62469636529762,0.1337106946270586,0,0.023903945,1
44873000.0,8.0,6.0,747.0,404.0,93.375,67.33333333333333,16.646981481068796,0.1337106946270586,0,0.023903945,1
44873000.0,8.0,6.0,744.0,404.0,93.0,67.33333333333333,16.580126133755265,0.1337106946270586,0,0.027589783,1
44873000.0,8.0,6.0,746.0,404.0,93.25,67.33333333333333,16.62469636529762,0.1337106946270586,0,0.023903945,1
44872000.0,8.0,6.0,746.0,404.0,93.25,67.33333333333333,16.625066856837226,0.13371367445177393,0,0.023903945,1
44872000.0,8.0,6.0,747.0,404.0,93.375,67.33333333333333,16.647352469245856,0.13371367445177393,0,0.023903945,1
44872000.0,8.0,6.0,747.0,404.0,93.375,67.33333333333333,16.647352469245856,0.13371367445177393,0,0.023903945,1
44872000.0,8.0,6.0,744.0,404.0,93.0,67.33333333333333,16.580495632019968,0.13371367445177393,0,0.027589783,1
44872000.0,8.0,6.0,744.0,404.0,93.0,67.33333333333333,16.580495632019968,0.13371367445177393,0,0.027589783,1
44872000.0,8.0,6.0,745.0,404.0,93.125,67.33333333333333,16.6027812444286,0.13371367445177393,0,0.023903945,1
44871000.0,8.0,6.0,747.0,404.0,93.375,67.33333333333333,16.64772347395868,0.13371665440930666,0,0.023903945,1
44871000.0,8.0,6.0,747.0,404.0,93.375,67.33333333333333,16.64772347395868,0.13371665440930666,0,0.023903945,1
44871000.0,8.0,6.0,747.0,404.0,93.375,67.33333333333333,16.64772347395868,0.13371665440930666,0,0.023903945,1
44871000.0,8.0,6.0,747.0,404.0,93.375,67.33333333333333,16.64772347395868,0.13371665440930666,0,0.023903945,1
44871000.0,8.0,6.0,745.0,404.0,93.125,67.33333333333333,16.603151255822244,0.13371665440930666,0,0.023903945,1
44871000.0,8.0,6.0,745.0,404.0,93.125,67.33333333333333,16.603151255822244,0.13371665440930666,0,0.023903945,1
44870000.0,8.0,6.0,745.0,404.0,93.125,67.33333333333333,16.603521283708492,0.1337196344996657,0,0.023903945,1
44870000.0,8.0,6.0,747.0,404.0,93.375,67.33333333333333,16.64809449520838,0.1337196344996657,0,0.023903945,1
44870000.0,8.0,6.0,747.0,404.0,93.375,67.33333333333333,16.64809449520838,0.1337196344996657,0,0.023903945,1
44870000.0,8.0,6.0,745.0,404.0,93.125,67.33333333333333,16.603521283708492,0.1337196344996657,0,0.023903945,1
44870000.0,8.0,6.0,747.0,404.0,93.375,67.33333333333333,16.64809449520838,0.1337196344996657,0,0.023903945,1
44870000.0,8.0,6.0,747.0,404.0,93.375,67.33333333333333,16.64809449520838,0.1337196344996657,0,0.023903945,1
44869000.0,8.0,6.0,747.0,404.0,93.375,67.33333333333333,16.648465532996056,0.13372261472285987,0,0.023903945,1
44869000.0,8.0,6.0,746.0,404.0,93.25,67.33333333333333,16.626178430542247,0.13372261472285987,0,0.023903945,1
44868000.0,8.0,6.0,746.0,404.0,93.25,67.33333333333333,16.626548988142996,0.13372559507889809,0,0.023903945,1
44869000.0,8.0,6.0,747.0,404.0,93.375,67.33333333333333,16.648465532996056,0.13372261472285987,0,0.023903945,1
44869000.0,8.0,6.0,747.0,404.0,93.375,67.33333333333333,16.648465532996056,0.13372261472285987,0,0.023903945,1
44868000.0,8.0,6.0,747.0,404.0,93.375,67.33333333333333,16.648836587322812,0.13372559507889809,0,0.023903945,1
44867000.0,8.0,6.0,745.0,404.0,93.125,67.33333333333333,16.60463146633383,0.13372857556778925,0,0.023903945,1
44867000.0,8.0,6.0,745.0,404.0,93.125,67.33333333333333,16.60463146633383,0.13372857556778925,0,0.023903945,1
44867000.0,8.0,6.0,747.0,404.0,93.375,67.33333333333333,16.649207658189763,0.13372857556778925,0,0.023903945,1
44867000.0,8.0,6.0,746.0,404.0,93.25,67.33333333333333,16.626919562261797,0.13372857556778925,0,0.023903945,1
44867000.0,8.0,6.0,746.0,404.0,93.25,67.33333333333333,16.626919562261797,0.13372857556778925,0,0.023903945,1
44866000.0,8.0,6.0,746.0,404.0,93.25,67.33333333333333,16.627290152899747,0.1337315561895422,0,0.023903945,1
44866000.0,8.0,6.0,744.0,404.0,93.0,67.33333333333333,16.58271296750323,0.1337315561895422,0,0.027589783,1
44867000.0,8.0,6.0,747.0,404.0,93.375,67.33333333333333,16.649207658189763,0.13372857556778925,0,0.023903945,1
44867000.0,8.0,6.0,745.0,404.0,93.125,67.33333333333333,16.60463146633383,0.13372857556778925,0,0.023903945,1
44866000.0,8.0,6.0,746.0,404.0,93.25,67.33333333333333,16.627290152899747,0.1337315561895422,0,0.023903945,1
44866000.0,8.0,6.0,746.0,404.0,93.25,67.33333333333333,16.627290152899747,0.1337315561895422,0,0.023903945,1
44865000.0,8.0,6.0,746.0,404.0,93.25,67.33333333333333,16.62766076005795,0.13373453694416582,0,0.023903945,1
44866000.0,8.0,6.0,745.0,404.0,93.125,67.33333333333333,16.60500156020149,0.1337315561895422,0,0.023903945,1
44866000.0,8.0,6.0,746.0,404.0,93.25,67.33333333333333,16.627290152899747,0.1337315561895422,0,0.023903945,1
44865000.0,8.0,6.0,746.0,404.0,93.25,67.33333333333333,16.62766076005795,0.13373453694416582,0,0.023903945,1
44866000.0,8.0,6.0,747.0,404.0,93.375,67.33333333333333,16.649578745598003,0.1337315561895422,0,0.023903945,1
44864000.0,8.0,6.0,746.0,404.0,93.25,67.33333333333333,16.628031383737518,0.13373751783166904,0,0.023903945,1
44865000.0,8.0,6.0,747.0,404.0,93.375,67.33333333333333,16.649949849548644,0.13373453694416582,0,0.023903945,1
44865000.0,8.0,6.0,746.0,404.0,93.25,67.33333333333333,16.62766076005795,0.13373453694416582,0,0.023903945,1
44864000.0,8.0,6.0,746.0,404.0,93.25,67.33333333333333,16.628031383737518,0.13373751783166904,0,0.023903945,1
44864000.0,8.0,6.0,747.0,404.0,93.375,67.33333333333333,16.6503209700428,0.13373751783166904,0,0.023903945,1
44864000.0,8.0,6.0,746.0,404.0,93.25,67.33333333333333,16.628031383737518,0.13373751783166904,0,0.023903945,1
44864000.0,8.0,6.0,746.0,404.0,93.25,67.33333333333333,16.628031383737518,0.13373751783166904,0,0.023903945,1
44863000.0,8.0,6.0,746.0,404.0,93.25,67.33333333333333,16.62840202393955,0.1337404988520607,0,0.023903945,1
44863000.0,8.0,6.0,747.0,404.0,93.375,67.33333333333333,16.65069210708156,0.1337404988520607,0,0.023903945,1
44863000.0,8.0,6.0,746.0,404.0,93.25,67.33333333333333,16.62840202393955,0.1337404988520607,0,0.023903945,1
44863000.0,8.0,6.0,744.0,404.0,93.0,67.33333333333333,16.58382185765553,0.1337404988520607,0,0.027589783,1
44863000.0,8.0,6.0,746.0,404.0,93.25,67.33333333333333,16.62840202393955,0.1337404988520607,0,0.023903945,1
44862000.0,8.0,6.0,746.0,404.0,93.25,67.33333333333333,16.62877268066515,0.13374348000534975,0,0.023903945,1
44862000.0,8.0,6.0,746.0,404.0,93.25,67.33333333333333,16.62877268066515,0.13374348000534975,0,0.023903945,1
44862000.0,8.0,6.0,747.0,404.0,93.375,67.33333333333333,16.651063260666042,0.13374348000534975,0,0.023903945,1
44862000.0,8.0,6.0,745.0,404.0,93.125,67.33333333333333,16.60648210066426,0.13374348000534975,0,0.023903945,1
44862000.0,8.0,6.0,746.0,404.0,93.25,67.33333333333333,16.62877268066515,0.13374348000534975,0,0.023903945,1
44862000.0,8.0,6.0,747.0,404.0,93.375,67.33333333333333,16.651063260666042,0.13374348000534975,0,0.023903945,1
44862000.0,8.0,6.0,744.0,404.0,93.0,67.33333333333333,16.584191520663367,0.13374348000534975,0,0.027589783,1
44861000.0,8.0,6.0,747.0,404.0,93.375,67.33333333333333,16.65143443079735,0.133746461291545,0,0.023903945,1
44861000.0,8.0,6.0,745.0,404.0,93.125,67.33333333333333,16.606852277033504,0.133746461291545,0,0.023903945,1
44861000.0,8.0,6.0,744.0,404.0,93.0,67.33333333333333,16.58456120015158,0.133746461291545,0,0.027589783,1
44861000.0,8.0,6.0,747.0,404.0,93.375,67.33333333333333,16.65143443079735,0.133746461291545,0,0.023903945,1
44861000.0,8.0,6.0,746.0,404.0,93.25,67.33333333333333,16.629143353915428,0.133746461291545,0,0.023903945,1
44861000.0,8.0,6.0,744.0,404.0,93.0,67.33333333333333,16.58456120015158,0.133746461291545,0,0.027589783,1
44860000.0,8.0,6.0,745.0,404.0,93.125,67.33333333333333,16.607222469906375,0.13374944271065536,0,0.023903945,1
44860000.0,8.0,6.0,745.0,404.0,93.125,67.33333333333333,16.607222469906375,0.13374944271065536,0,0.023903945,1
44860000.0,8.0,6.0,747.0,404.0,93.375,67.33333333333333,16.651805617476594,0.13374944271065536,0,0.023903945,1
44860000.0,8.0,6.0,746.0,404.0,93.25,67.33333333333333,16.629514043691486,0.13374944271065536,0,0.023903945,1
44860000.0,8.0,6.0,745.0,404.0,93.125,67.33333333333333,16.607222469906375,0.13374944271065536,0,0.023903945,1
44860000.0,8.0,6.0,746.0,404.0,93.25,67.33333333333333,16.629514043691486,0.13374944271065536,0,0.023903945,1
44860000.0,8.0,6.0,746.0,404.0,93.25,67.33333333333333,16.629514043691486,0.13374944271065536,0,0.023903945,1
44859000.0,8.0,6.0,746.0,404.0,93.25,67.33333333333333,16.629884749994428,0.13375242426268977,0,0.023903945,1
44859000.0,8.0,6.0,747.0,404.0,93.375,67.33333333333333,16.652176820704874,0.13375242426268977,0,0.023903945,1
44859000.0,8.0,6.0,746.0,404.0,93.25,67.33333333333333,16.629884749994428,0.13375242426268977,0,0.023903945,1
0.0,1.0,1.0,90.0,90.0,90.0,90.0,0.0,0.0,0,0.33706087,1
0.0,1.0,1.0,90.0,90.0,90.0,90.0,0.0,0.0,0,0.33706087,1
0.0,1.0,1.0,90.0,90.0,90.0,90.0,0.0,0.0,0,0.33706087,1
59888000.0,23815.0,11906.0,1286010.0,690548.0,54.0,58.0,21473.584023510553,198.8044349452311,0,0.08627178,1
0.0,1.0,1.0,90.0,90.0,90.0,90.0,0.0,0.0,0,0.33706087,1
1000.0,5.0,5.0,490.0,572.0,98.0,114.4,490000.0,5000.0,0,0.020619018,1
1000.0,5.0,5.0,535.0,600.0,107.0,120.0,535000.0,5000.0,0,0.037653122,1
1000.0,5.0,5.0,535.0,600.0,107.0,120.0,535000.0,5000.0,0,0.037653122,1
0.0,5.0,5.0,535.0,600.0,107.0,120.0,0.0,0.0,0,0.049289737,1
1000.0,5.0,5.0,535.0,600.0,107.0,120.0,535000.0,5000.0,0,0.037653122,1
1000.0,5.0,5.0,585.0,591.0,117.0,118.2,585000.0,5000.0,0,0.026147548,1
0.0,1.0,1.0,90.0,90.0,90.0,90.0,0.0,0.0,0,0.33706087,0
0.0,1.0,1.0,90.0,90.0,90.0,90.0,0.0,0.0,0,0.33706087,0
0.0,1.0,1.0,90.0,90.0,90.0,90.0,0.0,0.0,0,0.33706087,0
1000.0,6.0,4.0,477.0,1406.0,79.5,351.5,477000.0,4000.0,0,0.07490421,0
1000.0,6.0,4.0,477.0,1406.0,79.5,351.5,477000.0,4000.0,0,0.07490421,0
1000.0,6.0,4.0,477.0,1406.0,79.5,351.5,477000.0,4000.0,0,0.07490421,0
0.0,6.0,4.0,477.0,1406.0,79.5,351.5,0.0,0.0,0,0.10317304,0
0.0,6.0,4.0,477.0,1406.0,79.5,351.5,0.0,0.0,0,0.10317304,0
1000.0,6.0,4.0,477.0,1406.0,79.5,351.5,477000.0,4000.0,0,0.07490421,0
1000.0,6.0,4.0,477.0,1406.0,79.5,351.5,477000.0,4000.0,0,0.07490421,0
2000.0,6.0,4.0,477.0,1406.0,79.5,351.5,238500.0,2000.0,0,0.123408906,0
1000.0,6.0,4.0,477.0,1406.0,79.5,351.5,477000.0,4000.0,0,0.07490421,0
0.0,6.0,4.0,477.0,1406.0,79.5,351.5,0.0,0.0,0,0.10317304,0
0.0,1.0,1.0,90.0,90.0,90.0,90.0,0.0,0.0,0,0.33706087,0
0.0,6.0,4.0,477.0,1406.0,79.5,351.5,0.0,0.0,0,0.10317304,0
0.0,6.0,4.0,477.0,1406.0,79.5,351.5,0.0,0.0,0,0.10317304,0
0.0,6.0,4.0,477.0,1406.0,79.5,351.5,0.0,0.0,0,0.10317304,0
1000.0,6.0,4.0,477.0,1406.0,79.5,351.5,477000.0,4000.0,0,0.07490421,0
1000.0,6.0,4.0,477.0,1406.0,79.5,351.5,477000.0,4000.0,0,0.07490421,0
1000.0,6.0,4.0,477.0,1406.0,79.5,351.5,477000.0,4000.0,0,0.07490421,0
1000.0,6.0,4.0,477.0,1406.0,79.5,351.5,477000.0,4000.0,0,0.07490421,0
1000.0,6.0,4.0,477.0,1406.0,79.5,351.5,477000.0,4000.0,0,0.07490421,0
1000.0,6.0,4.0,477.0,1406.0,79.5,351.5,477000.0,4000.0,0,0.07490421,0
1000.0,6.0,4.0,477.0,1406.0,79.5,351.5,477000.0,4000.0,0,0.07490421,0
0.0,6.0,4.0,477.0,1406.0,79.5,351.5,0.0,0.0,0,0.10317304,0
0.0,6.0,4.0,477.0,1406.0,79.5,351.5,0.0,0.0,0,0.10317304,0
0.0,6.0,4.0,477.0,1406.0,79.5,351.5,0.0,0.0,0,0.10317304,0
1000.0,6.0,4.0,477.0,1406.0,79.5,351.5,477000.0,4000.0,0,0.07490421,0
1000.0,6.0,4.0,477.0,1406.0,79.5,351.5,477000.0,4000.0,0,0.07490421,0
0.0,6.0,4.0,477.0,1406.0,79.5,351.5,0.0,0.0,0,0.10317304,0
1000.0,1.0,1.0,90.0,90.0,90.0,90.0,90000.0,1000.0,0,0.063999005,0
0.0,6.0,4.0,477.0,1406.0,79.5,351.5,0.0,0.0,0,0.10317304,0
1000.0,6.0,4.0,477.0,1406.0,79.5,351.5,477000.0,4000.0,0,0.07490421,0
1000.0,6.0,4.0,477.0,1406.0,79.5,351.5,477000.0,4000.0,0,0.07490421,0
1000.0,6.0,4.0,477.0,1406.0,79.5,351.5,477000.0,4000.0,0,0.07490421,0
1000.0,6.0,4.0,477.0,1406.0,79.5,351.5,477000.0,4000.0,0,0.07490421,0
1000.0,6.0,4.0,477.0,1406.0,79.5,351.5,477000.0,4000.0,0,0.07490421,0
1000.0,6.0,4.0,477.0,1406.0,79.5,351.5,477000.0,4000.0,0,0.07490421,0
1000.0,6.0,4.0,477.0,1406.0,79.5,351.5,477000.0,4000.0,0,0.07490421,0
1000.0,6.0,4.0,477.0,1406.0,79.5,351.5,477000.0,4000.0,0,0.07490421,0
1000.0,6.0,4.0,477.0,1406.0,79.5,351.5,477000.0,4000.0,0,0.07490421,0
0.0,6.0,4.0,477.0,1406.0,79.5,351.5,0.0,0.0,0,0.10317304,0
0.0,6.0,4.0,477.0,1406.0,79.5,351.5,0.0,0.0,0,0.10317304,0
0.0,6.0,4.0,477.0,1406.0,79.5,351.5,0.0,0.0,0,0.10317304,0
0.0,6.0,4.0,477.0,1406.0,79.5,351.5,0.0,0.0,0,0.10317304,0
0.0,6.0,4.0,477.0,1406.0,79.5,351.5,0.0,0.0,0,0.10317304,0
0.0,6.0,4.0,477.0,1406.0,79.5,351.5,0.0,0.0,0,0.10317304,0
0.0,1.0,1.0,90.0,90.0,90.0,90.0,0.0,0.0,0,0.33706087,0
0.0,6.0,4.0,477.0,1406.0,79.5,351.5,0.0,0.0,0,0.10317304,0
1000.0,6.0,4.0,477.0,1406.0,79.5,351.5,477000.0,4000.0,0,0.07490421,0
1000.0,6.0,4.0,477.0,1406.0,79.5,351.5,477000.0,4000.0,0,0.07490421,0
1000.0,6.0,4.0,477.0,1406.0,79.5,351.5,477000.0,4000.0,0,0.07490421,0
1000.0,6.0,4.0,477.0,1406.0,79.5,351.5,477000.0,4000.0,0,0.07490421,0
0.0,6.0,4.0,477.0,1406.0,79.5,351.5,0.0,0.0,0,0.10317304,0
0.0,6.0,4.0,477.0,1406.0,79.5,351.5,0.0,0.0,0,0.10317304,0
0.0,6.0,4.0,477.0,1406.0,79.5,351.5,0.0,0.0,0,0.10317304,0
0.0,6.0,4.0,477.0,1406.0,79.5,351.5,0.0,0.0,0,0.10317304,0
0.0,6.0,4.0,477.0,1406.0,79.5,351.5,0.0,0.0,0,0.10317304,0
0.0,6.0,4.0,477.0,1406.0,79.5,351.5,0.0,0.0,0,0.10317304,0
0.0,6.0,4.0,477.0,1406.0,79.5,351.5,0.0,0.0,0,0.10317304,0
1000.0,6.0,4.0,477.0,1406.0,79.5,351.5,477000.0,4000.0,0,0.07490421,0
2000.0,6.0,5.0,556.0,572.0,92.66666666666669,114.4,278000.0,2500.0,0,0.10827989,0
3000.0,5.0,5.0,535.0,600.0,107.0,120.0,178333.33333333334,1666.6666666666667,0,0.17133121,0
1000.0,6.0,5.0,601.0,600.0,100.16666666666666,120.0,601000.0,5000.0,0,0.027246831,0
1000.0,5.0,5.0,535.0,600.0,107.0,120.0,535000.0,5000.0,0,0.037653122,0
3000.0,5.0,5.0,535.0,600.0,107.0,120.0,178333.33333333334,1666.6666666666667,0,0.17133121,0
1000.0,6.0,5.0,651.0,591.0,108.5,118.2,651000.0,5000.0,0,0.02837035,0
0.0,6.0,4.0,477.0,1406.0,79.5,351.5,0.0,0.0,0,0.10317304,0
0.0,6.0,4.0,477.0,1406.0,79.5,351.5,0.0,0.0,0,0.10317304,0
0.0,6.0,4.0,477.0,1406.0,79.5,351.5,0.0,0.0,0,0.10317304,0
0.0,1.0,1.0,90.0,90.0,90.0,90.0,0.0,0.0,0,0.33706087,0
0.0,6.0,4.0,477.0,1406.0,79.5,351.5,0.0,0.0,0,0.10317304,0
0.0,6.0,4.0,477.0,1406.0,79.5,351.5,0.0,0.0,0,0.10317304,0
