direction,seed,stage,condition,mcc,f1,recall,precision,tp,fp,fn,tn,asr
CIC->AWS,13,S0_zeroshot,clean,0.0013091224304644072,0.00045392646391284613,0.00022701475595913735,1.0,2,0,8808,67,
CIC->AWS,13,S1_fewshot,clean,0.17367752783338364,0.9800011526713158,0.9650397275822928,0.9954337899543378,8502,39,308,28,
CIC->AWS,13,S2_fewshot_adv,clean,0.3003163422774562,0.9825450774814217,0.9679909194097617,0.997543572347643,8528,21,282,46,
CIC->AWS,13,S2_fewshot_adv,fgsm_eps0.05,0.0013091224304644072,0.00045392646391284613,0.00022701475595913735,1.0,2,0,8808,67,1.0
CIC->AWS,13,S2_fewshot_adv,pgd_eps0.05,0.0,0.0,0.0,0.0,0,0,8810,67,1.0
CIC->AWS,13,S2_fewshot_adv,fgsm_eps0.1,0.0013091224304644072,0.00045392646391284613,0.00022701475595913735,1.0,2,0,8808,67,1.0
CIC->AWS,13,S2_fewshot_adv,pgd_eps0.1,0.0,0.0,0.0,0.0,0,0,8810,67,1.0
CIC->AWS,13,S2_fewshot_adv,fgsm_eps0.2,0.0009256372008789906,0.00022698899103393486,0.00011350737797956867,1.0,1,0,8809,67,1.0
CIC->AWS,13,S2_fewshot_adv,pgd_eps0.2,0.0,0.0,0.0,0.0,0,0,8810,67,1.0
CIC->AWS,42,S0_zeroshot,clean,0.0009256372008789906,0.00022698899103393486,0.00011350737797956867,1.0,1,0,8809,67,
CIC->AWS,42,S1_fewshot,clean,0.1916155830418866,0.9841014750617001,0.9730987514188423,0.9953558574248229,8573,40,237,27,
CIC->AWS,42,S2_fewshot_adv,clean,0.20436784576922104,0.9799896199757799,0.964472190692395,0.9960145352244755,8497,34,313,33,
CIC->AWS,42,S2_fewshot_adv,fgsm_eps0.05,0.0,0.0,0.0,0.0,0,0,8810,67,1.0
CIC->AWS,42,S2_fewshot_adv,pgd_eps0.05,0.0,0.0,0.0,0.0,0,0,8810,67,1.0
CIC->AWS,42,S2_fewshot_adv,fgsm_eps0.1,0.0,0.0,0.0,0.0,0,0,8810,67,1.0
CIC->AWS,42,S2_fewshot_adv,pgd_eps0.1,0.0,0.0,0.0,0.0,0,0,8810,67,1.0
CIC->AWS,42,S2_fewshot_adv,fgsm_eps0.2,0.0,0.0,0.0,0.0,0,0,8810,67,1.0
CIC->AWS,42,S2_fewshot_adv,pgd_eps0.2,0.0,0.0,0.0,0.0,0,0,8810,67,1.0
CIC->AWS,101,S0_zeroshot,clean,0.0009256372008789906,0.00022698899103393486,0.00011350737797956867,1.0,1,0,8809,67,
CIC->AWS,101,S1_fewshot,clean,0.17468869533990117,0.9825267272100241,0.9701475595913734,0.9952258965999069,8547,41,263,26,
CIC->AWS,101,S2_fewshot_adv,clean,0.16743734201977029,0.9812384898710865,0.9676503972758229,0.9952136353023582,8525,41,285,26,
CIC->AWS,101,S2_fewshot_adv,fgsm_eps0.05,0.0,0.0,0.0,0.0,0,0,8810,67,1.0
CIC->AWS,101,S2_fewshot_adv,pgd_eps0.05,-0.365307816864555,0.0,0.0,0.0,0,9,8810,58,1.0
CIC->AWS,101,S2_fewshot_adv,fgsm_eps0.1,0.0,0.0,0.0,0.0,0,0,8810,67,1.0
CIC->AWS,101,S2_fewshot_adv,pgd_eps0.1,-0.365307816864555,0.0,0.0,0.0,0,9,8810,58,1.0
CIC->AWS,101,S2_fewshot_adv,fgsm_eps0.2,0.0,0.0,0.0,0.0,0,0,8810,67,1.0
CIC->AWS,101,S2_fewshot_adv,pgd_eps0.2,-0.365307816864555,0.0,0.0,0.0,0,9,8810,58,1.0
CIC->AWS,202,S0_zeroshot,clean,0.0,0.0,0.0,0.0,0,0,8810,67,
CIC->AWS,202,S1_fewshot,clean,0.08865806048048795,0.9854077253218884,0.9772985244040863,0.9936526255049047,8610,55,200,12,
CIC->AWS,202,S2_fewshot_adv,clean,0.2658071446475389,0.9803197322098459,0.9640181611804768,0.9971821063754843,8493,24,317,43,
CIC->AWS,202,S2_fewshot_adv,fgsm_eps0.05,0.1685802591197542,0.8857269335356984,0.7948921679909194,1.0,7003,0,1807,67,0.17555634051571883
CIC->AWS,202,S2_fewshot_adv,pgd_eps0.05,0.16852326488026032,0.8856564634454844,0.7947786606129399,1.0,7002,0,1808,67,0.17555634051571883
CIC->AWS,202,S2_fewshot_adv,fgsm_eps0.1,0.1685802591197542,0.8857269335356984,0.7948921679909194,1.0,7003,0,1807,67,0.17555634051571883
CIC->AWS,202,S2_fewshot_adv,pgd_eps0.1,0.16852326488026032,0.8856564634454844,0.7947786606129399,1.0,7002,0,1808,67,0.17555634051571883
CIC->AWS,202,S2_fewshot_adv,fgsm_eps0.2,0.16852326488026032,0.8856564634454844,0.7947786606129399,1.0,7002,0,1808,67,0.17555634051571883
CIC->AWS,202,S2_fewshot_adv,pgd_eps0.2,0.16852326488026032,0.8856564634454844,0.7947786606129399,1.0,7002,0,1808,67,0.17555634051571883
CIC->AWS,303,S0_zeroshot,clean,0.0009256372008789906,0.00022698899103393486,0.00011350737797956867,1.0,1,0,8809,67,
CIC->AWS,303,S1_fewshot,clean,0.29088814540645175,0.9813714747101909,0.9657207718501702,0.9975378121702427,8508,21,302,46,
CIC->AWS,303,S2_fewshot_adv,clean,0.29043758212554505,0.9813127234975199,0.9656072644721907,0.9975375234521576,8507,21,303,46,
CIC->AWS,303,S2_fewshot_adv,fgsm_eps0.05,0.0,0.0,0.0,0.0,0,0,8810,67,1.0
CIC->AWS,303,S2_fewshot_adv,pgd_eps0.05,-0.1217143841752822,0.0,0.0,0.0,0,1,8810,66,1.0
CIC->AWS,303,S2_fewshot_adv,fgsm_eps0.1,0.0,0.0,0.0,0.0,0,0,8810,67,1.0
CIC->AWS,303,S2_fewshot_adv,pgd_eps0.1,0.0,0.0,0.0,0.0,0,0,8810,67,1.0
CIC->AWS,303,S2_fewshot_adv,fgsm_eps0.2,0.0,0.0,0.0,0.0,0,0,8810,67,1.0
CIC->AWS,303,S2_fewshot_adv,pgd_eps0.2,0.0,0.0,0.0,0.0,0,0,8810,67,1.0
UNSW->AWS,13,S0_zeroshot,clean,0.033926483201040754,0.9957003847024214,0.9988649262202043,0.9925558312655087,8800,66,10,1,
UNSW->AWS,13,S1_fewshot,clean,0.033926483201040754,0.9957003847024214,0.9988649262202043,0.9925558312655087,8800,66,10,1,
UNSW->AWS,13,S2_fewshot_adv,clean,0.3027359671525447,0.9948933272809805,0.9951191827468785,0.994667574313592,8767,47,43,20,
UNSW->AWS,13,S2_fewshot_adv,fgsm_eps0.05,-0.008049879821357697,0.9919373154667273,0.9914869466515324,0.9923880936150875,8735,67,75,0,0.003650051328846812
UNSW->AWS,13,S2_fewshot_adv,pgd_eps0.05,0.007266765562920381,0.9924513309495431,0.9923950056753689,0.9925076626177772,8743,66,67,1,0.0027375384966351088
UNSW->AWS,13,S2_fewshot_adv,fgsm_eps0.1,-0.007995579688881352,0.9919945494804974,0.9916004540295119,0.9923889583096671,8736,67,74,0,0.003650051328846812
UNSW->AWS,13,S2_fewshot_adv,pgd_eps0.1,0.007266765562920381,0.9924513309495431,0.9923950056753689,0.9925076626177772,8743,66,67,1,0.0027375384966351088
UNSW->AWS,13,S2_fewshot_adv,fgsm_eps0.2,-0.007604994324631101,0.9923950056753689,0.9923950056753689,0.9923950056753689,8743,67,67,0,0.0027375384966351088
UNSW->AWS,13,S2_fewshot_adv,pgd_eps0.2,0.007266765562920381,0.9924513309495431,0.9923950056753689,0.9925076626177772,8743,66,67,1,0.0027375384966351088
UNSW->AWS,42,S0_zeroshot,clean,0.05393759193142833,0.9954156998132322,0.9981838819523269,0.9926628287617113,8794,65,16,2,
UNSW->AWS,42,S1_fewshot,clean,0.0709246885297433,0.9958135324734103,0.9989784335981838,0.9926686217008798,8801,65,9,2,
UNSW->AWS,42,S2_fewshot_adv,clean,0.3084627774568582,0.9942636451411371,0.9935300794551646,0.9949982948732522,8753,44,57,23,
UNSW->AWS,42,S2_fewshot_adv,fgsm_eps0.05,0.02490428898914894,0.9930791921942365,0.9935300794551646,0.992628713994103,8753,65,57,2,0.0003427396321261282
UNSW->AWS,42,S2_fewshot_adv,pgd_eps0.05,0.22679812054603954,0.9950113378684807,0.9961407491486947,0.9938844847112118,8776,54,34,13,0.001599451616588598
UNSW->AWS,42,S2_fewshot_adv,fgsm_eps0.1,0.04046302700427685,0.9931355307199183,0.9935300794551646,0.9927412952251332,8753,64,57,3,0.0003427396321261282
UNSW->AWS,42,S2_fewshot_adv,pgd_eps0.1,0.2405664001152519,0.9952961178804194,0.9967082860385925,0.9938879456706282,8781,54,29,13,0.0010282188963783845
UNSW->AWS,42,S2_fewshot_adv,fgsm_eps0.2,0.04092308279805229,0.9931926480599047,0.9936435868331441,0.9927421183941937,8754,64,56,3,0.00022849308808408546
UNSW->AWS,42,S2_fewshot_adv,pgd_eps0.2,0.2405664001152519,0.9952961178804194,0.9967082860385925,0.9938879456706282,8781,54,29,13,0.0010282188963783845
UNSW->AWS,101,S0_zeroshot,clean,-0.004038856375604122,0.9951324428345031,0.9978433598183882,0.992436215850079,8791,67,19,0,
UNSW->AWS,101,S1_fewshot,clean,-0.004038856375604122,0.9951324428345031,0.9978433598183882,0.992436215850079,8791,67,19,0,
UNSW->AWS,101,S2_fewshot_adv,clean,-0.003587808081891121,0.9953598913535536,0.9982973893303064,0.9924396298803881,8795,67,15,0,
UNSW->AWS,101,S2_fewshot_adv,fgsm_eps0.05,-0.006362356854216215,0.9935374149659864,0.9946651532349603,0.9924122310305776,8763,67,47,0,0.0045480386583285955
UNSW->AWS,101,S2_fewshot_adv,pgd_eps0.05,-0.007010557931157789,0.9929665343165059,0.9935300794551646,0.9924036281179138,8753,67,57,0,0.0053439454235361
UNSW->AWS,101,S2_fewshot_adv,fgsm_eps0.1,-0.0032084900749823697,0.9955304101838756,0.9986379114642452,0.9924421883812746,8798,67,12,0,0.00045480386583285955
UNSW->AWS,101,S2_fewshot_adv,pgd_eps0.1,-0.006885686808292231,0.9930807622504537,0.9937570942111237,0.9924053502607119,8755,67,55,0,0.00511654349061967
UNSW->AWS,101,S2_fewshot_adv,fgsm_eps0.2,-0.006694124140131556,0.993252055571307,0.9940976163450624,0.9924079320113315,8758,67,52,0,0.00511654349061967
UNSW->AWS,101,S2_fewshot_adv,pgd_eps0.2,-0.006885686808292231,0.9930807622504537,0.9937570942111237,0.9924053502607119,8755,67,55,0,0.00511654349061967
UNSW->AWS,202,S0_zeroshot,clean,-0.004038856375604122,0.9951324428345031,0.9978433598183882,0.992436215850079,8791,67,19,0,
UNSW->AWS,202,S1_fewshot,clean,-0.0033396907185006906,0.9954735770057712,0.9985244040862656,0.9924413357400722,8797,67,13,0,
UNSW->AWS,202,S2_fewshot_adv,clean,0.011318566380847675,0.9935937411417881,0.9946651532349603,0.9925246347264696,8763,66,47,1,
UNSW->AWS,202,S2_fewshot_adv,fgsm_eps0.05,-0.007661972669443475,0.9923378171292355,0.9922814982973893,0.9923941423544103,8742,67,68,0,0.002967020426794477
UNSW->AWS,202,S2_fewshot_adv,pgd_eps0.05,0.13712101385363348,0.9944444444444445,0.9955732122587968,0.9933182332955832,8771,59,39,8,0.0
UNSW->AWS,202,S2_fewshot_adv,fgsm_eps0.1,-0.007661972669443475,0.9923378171292355,0.9922814982973893,0.9923941423544103,8742,67,68,0,0.002967020426794477
UNSW->AWS,202,S2_fewshot_adv,pgd_eps0.1,0.13555887663336377,0.9943874369295311,0.9954597048808173,0.9933174764979046,8770,59,40,8,0.00011411617026132602
UNSW->AWS,202,S2_fewshot_adv,fgsm_eps0.2,-0.006293951914529966,0.993594467433819,0.9947786606129398,0.9924130902502548,8764,67,46,0,0.0007988131918292822
UNSW->AWS,202,S2_fewshot_adv,pgd_eps0.2,0.13555887663336377,0.9943874369295311,0.9954597048808173,0.9933174764979046,8770,59,40,8,0.00011411617026132602
UNSW->AWS,303,S0_zeroshot,clean,0.1785433894535157,0.992955345983411,0.9919409761634507,0.9939717925386715,8739,53,71,14,
UNSW->AWS,303,S1_fewshot,clean,0.032216592506632676,0.9956435643564356,0.9987514188422247,0.9925549915397631,8799,66,11,1,
UNSW->AWS,303,S2_fewshot_adv,clean,0.09797113938710703,0.9953577898550725,0.9978433598183882,0.9928845719448837,8791,63,19,4,
UNSW->AWS,303,S2_fewshot_adv,fgsm_eps0.05,-0.004246589587835487,0.9950186799501868,0.997616345062429,0.9924345076784101,8789,67,21,0,0.0003412581048799909
UNSW->AWS,303,S2_fewshot_adv,pgd_eps0.05,-0.006293951914529966,0.993594467433819,0.9947786606129398,0.9924130902502548,8764,67,46,0,0.0037538391536799
UNSW->AWS,303,S2_fewshot_adv,fgsm_eps0.1,-0.004144013128741279,0.9950755646119884,0.9977298524404086,0.9924353618606752,8790,67,20,0,0.00022750540325332727
UNSW->AWS,303,S2_fewshot_adv,pgd_eps0.1,-0.006497051733745163,0.9934232906225196,0.9944381384790011,0.9924105120072496,8761,67,49,0,0.004095097258559891
UNSW->AWS,303,S2_fewshot_adv,fgsm_eps0.2,-0.003587808081891121,0.9953598913535536,0.9982973893303064,0.9924396298803881,8795,67,15,0,0.00011375270162666363
UNSW->AWS,303,S2_fewshot_adv,pgd_eps0.2,-0.006497051733745163,0.9934232906225196,0.9944381384790011,0.9924105120072496,8761,67,49,0,0.004095097258559891
