direction,defense,condition,mcc_mean,mcc_std,recall_mean,precision_mean
CIC->UNSW,fewshot,clean,0.6500944848611917,0.016309353798437128,0.9700255889879115,0.7618183133045826
CIC->UNSW,fewshot,fgsm_eps0.05,0.5246270480347806,0.048751065296993475,0.9635798111709167,0.6976590570941512
CIC->UNSW,fewshot,fgsm_eps0.1,0.49271090597326006,0.06736023163023834,0.9592870378540546,0.6855160698512599
CIC->UNSW,fewshot,fgsm_eps0.2,0.4726328156266881,0.07388188367167137,0.9536574605135446,0.6795404936190048
CIC->UNSW,fewshot,pgd_eps0.05,0.5264743920777735,0.05443588232251893,0.961285626047825,0.7001104602852819
CIC->UNSW,fewshot,pgd_eps0.1,0.523730297794943,0.04956534039877402,0.9587796699902938,0.7000181799235162
CIC->UNSW,fewshot,pgd_eps0.2,0.5238050075732221,0.04957333394366775,0.9588282008294362,0.7000288570250665
CIC->UNSW,fs_adv_fgsm,clean,0.6603072562611112,0.013418886103894393,0.9670519721168269,0.7700460709398043
CIC->UNSW,fs_adv_fgsm,fgsm_eps0.05,0.4722078885272456,0.13413946055498874,0.9079855289861467,0.6994974589215701
CIC->UNSW,fs_adv_fgsm,fgsm_eps0.1,0.5231905046280694,0.15789604293592982,0.9402232418600548,0.7198205775918567
CIC->UNSW,fs_adv_fgsm,fgsm_eps0.2,0.5754275669835848,0.10709638451579492,0.9318450542663019,0.7455587511336068
CIC->UNSW,fs_adv_fgsm,pgd_eps0.05,0.3055195911979246,0.1228011416080216,0.9373599223506573,0.6176114930964729
CIC->UNSW,fs_adv_fgsm,pgd_eps0.1,0.3456460215951757,0.06958709343737582,0.9566575487514338,0.6264590710937269
CIC->UNSW,fs_adv_fgsm,pgd_eps0.2,0.34540454905084667,0.06944108340088005,0.9565251919174094,0.6264272410163544
CIC->UNSW,fs_adv_pgd,clean,0.6472290998639636,0.0333498424565264,0.9665754875143386,0.7628234930790031
CIC->UNSW,fs_adv_pgd,fgsm_eps0.05,0.5700517904130018,0.04087637916680857,0.9413835701050031,0.7339646436334909
CIC->UNSW,fs_adv_pgd,fgsm_eps0.1,0.5667046392957366,0.021961224111901826,0.9361378275831642,0.7344168687827448
CIC->UNSW,fs_adv_pgd,fgsm_eps0.2,0.5300705744787967,0.04500294248340157,0.9299744110120886,0.7183709375638453
CIC->UNSW,fs_adv_pgd,pgd_eps0.05,0.5679222464329701,0.04908294958741039,0.9388467307861996,0.7346988649232726
CIC->UNSW,fs_adv_pgd,pgd_eps0.1,0.557606631003903,0.04690731241447181,0.936190770316774,0.7304423903846066
CIC->UNSW,fs_adv_pgd,pgd_eps0.2,0.5574124804453539,0.04696145162504087,0.9359569399099973,0.7304655503915247
CIC->UNSW,fs_gauss_aug,clean,0.632241163571386,0.021812139302888233,0.9559648813200388,0.7603694696578062
CIC->UNSW,fs_gauss_aug,fgsm_eps0.05,0.578972169208406,0.20483556538575443,0.685908409070855,0.8739248776568024
CIC->UNSW,fs_gauss_aug,fgsm_eps0.1,0.4410526666963775,0.24831803949318054,0.560967969646166,0.8164299149020049
CIC->UNSW,fs_gauss_aug,fgsm_eps0.2,0.3245604926221316,0.3110147221032824,0.5351407394335127,0.7227475708809689
CIC->UNSW,fs_gauss_aug,pgd_eps0.05,0.35901951660510534,0.27352402992524166,0.7821627106679607,0.6595650754892431
CIC->UNSW,fs_gauss_aug,pgd_eps0.1,0.329747865503454,0.29946430782036254,0.7737006970793259,0.6461603371011345
CIC->UNSW,fs_gauss_aug,pgd_eps0.2,0.3270900999115866,0.3024244200185678,0.7729242036530486,0.6448085490786443
CIC->UNSW,fs_rand_smooth,clean,0.48512648333907216,0.013335821423094118,0.9321053560398835,0.6934923021623622
CIC->UNSW,fs_rand_smooth,fgsm_eps0.05,0.35744920254547496,0.014454345446074535,0.9356481072972734,0.6370735156607377
CIC->UNSW,fs_rand_smooth,fgsm_eps0.1,0.3370114037123636,0.018925384238324874,0.9352157416394601,0.6298949827656848
CIC->UNSW,fs_rand_smooth,fgsm_eps0.2,0.31638830018999375,0.030381895570264803,0.9298288184946616,0.6247350730666674
CIC->UNSW,fs_rand_smooth,pgd_eps0.05,0.34751349646708896,0.0095604577516286,0.9279317038736433,0.6358075441784194
CIC->UNSW,fs_rand_smooth,pgd_eps0.1,0.3455572952119504,0.009033918571378152,0.926599311744463,0.6356993463110431
CIC->UNSW,fs_rand_smooth,pgd_eps0.2,0.3453648867398272,0.008519505272613262,0.9270228536133416,0.6355271453337947
UNSW->CIC,fewshot,clean,0.8996461273520866,0.0013662540785569176,0.903698312773674,0.9292545365916471
UNSW->CIC,fewshot,fgsm_eps0.05,-0.1512986625137131,0.0727872732744314,0.01580971095180913,0.03023624103115899
UNSW->CIC,fewshot,fgsm_eps0.1,-0.1669534154456141,0.033011630720303935,0.014980046820227308,0.01852199974695177
UNSW->CIC,fewshot,fgsm_eps0.2,-0.1136070820465592,0.06075673004506678,0.014480307606467499,0.020292408031602083
UNSW->CIC,fewshot,pgd_eps0.05,-0.09125754570988989,0.1696722763738691,0.06548524435064226,0.14192482987002122
UNSW->CIC,fewshot,pgd_eps0.1,-0.12121878326783167,0.13524521818720617,0.060575185279526454,0.08927777071655915
UNSW->CIC,fewshot,pgd_eps0.2,-0.12077731801983742,0.13514482474277575,0.060956054486129806,0.08971797091845782
UNSW->CIC,fs_adv_fgsm,clean,0.8972549427358821,0.0022089983313442535,0.901364579163786,0.9276057397363585
UNSW->CIC,fs_adv_fgsm,fgsm_eps0.05,0.14061396871236773,0.2695647915854023,0.12765668401198405,0.4079856638055639
UNSW->CIC,fs_adv_fgsm,fgsm_eps0.1,0.27631374878430925,0.25066563831607686,0.2375774777725216,0.5909942890295319
UNSW->CIC,fs_adv_fgsm,fgsm_eps0.2,0.26681885402776206,0.2391572145376408,0.27083682059119635,0.4645132514011042
UNSW->CIC,fs_adv_fgsm,pgd_eps0.05,0.049963092313297305,0.09273095829204892,0.0869594750312337,0.33488629990610647
UNSW->CIC,fs_adv_fgsm,pgd_eps0.1,-0.02880772247109222,0.048961562047313494,0.09278895721892702,0.19506186736530412
UNSW->CIC,fs_adv_fgsm,pgd_eps0.2,-0.028907716872998694,0.04891328779385606,0.09278653130041362,0.19514107273277773
UNSW->CIC,fs_adv_pgd,clean,0.8957330786976263,0.0028302186598011692,0.891976274516939,0.934444529164449
UNSW->CIC,fs_adv_pgd,fgsm_eps0.05,-0.021400465419943435,0.1745943215068965,0.26516502310687384,0.16623915950296925
UNSW->CIC,fs_adv_pgd,fgsm_eps0.1,-0.002319163602256075,0.11562777179635655,0.2094077119949541,0.16087775969782608
UNSW->CIC,fs_adv_pgd,fgsm_eps0.2,-0.11095037856453087,0.08606446404656505,0.13468942178232232,0.10349852035666865
UNSW->CIC,fs_adv_pgd,pgd_eps0.05,-0.31468096100296766,0.1573196353096631,0.20503863275232584,0.06387130621419192
UNSW->CIC,fs_adv_pgd,pgd_eps0.1,-0.32955625830232355,0.18090969861895767,0.226920417743168,0.06361839582464088
UNSW->CIC,fs_adv_pgd,pgd_eps0.2,-0.3298045066506997,0.18149881757653688,0.2270999357131594,0.06364295094763917
UNSW->CIC,fs_gauss_aug,clean,0.8941019901127657,0.002470031920483453,0.9000545831665514,0.9236939973405793
UNSW->CIC,fs_gauss_aug,fgsm_eps0.05,0.07744585711361553,0.23730838563516263,0.09155173877709448,0.3846831208300721
UNSW->CIC,fs_gauss_aug,fgsm_eps0.1,0.0366544535420856,0.2138364165688446,0.06566476232063365,0.26437170653371755
UNSW->CIC,fs_gauss_aug,fgsm_eps0.2,0.04636671476206079,0.1964689625872564,0.061349053285300145,0.2662220401565363
UNSW->CIC,fs_gauss_aug,pgd_eps0.05,0.18464195308409936,0.11680242440876411,0.20207416032895456,0.4142780491293484
UNSW->CIC,fs_gauss_aug,pgd_eps0.1,0.209935666642957,0.15574007773661108,0.2356561503099111,0.42771682761698077
UNSW->CIC,fs_gauss_aug,pgd_eps0.2,0.21081177592367545,0.15689880299090386,0.23645427750081877,0.42838255117610374
UNSW->CIC,fs_rand_smooth,clean,0.1693002858663127,0.11157673533174575,0.18673992940577125,0.5107642769108208
UNSW->CIC,fs_rand_smooth,fgsm_eps0.05,-0.0935012598635696,0.06685097186298941,0.034149654913091465,0.03924132739857486
UNSW->CIC,fs_rand_smooth,fgsm_eps0.1,-0.0966936890215447,0.0589093222719044,0.019778513639726842,0.03014358173931892
UNSW->CIC,fs_rand_smooth,fgsm_eps0.2,-0.08902597573926921,0.03959619036080263,0.023499872639278045,0.03554689851023026
UNSW->CIC,fs_rand_smooth,pgd_eps0.05,-0.06107046423293803,0.09410277841668871,0.051264510025108255,0.14128733782994413
UNSW->CIC,fs_rand_smooth,pgd_eps0.1,-0.06763031754258901,0.08924556476824974,0.04510025108256614,0.12917651148261708
UNSW->CIC,fs_rand_smooth,pgd_eps0.2,-0.06687920623031182,0.09001120449931403,0.04526521354147714,0.13284625818524898
