direction,seed,model,condition,mcc,f1,recall,precision,tp,fp,fn,tn,asr
CIC->UNSW,13,baseline,clean,-0.09382428968464948,0.01526918520468606,0.007908012543744035,0.22081218274111675,174,614,21829,17383,
CIC->UNSW,13,baseline,fgsm_eps0.05,-0.016725182614985953,0.0142294612493288,0.007226287324455756,0.4608695652173913,159,186,21844,17811,0.20689655172413793
CIC->UNSW,13,baseline,pgd_eps0.05,-0.012151175470283937,0.013886400286686973,0.007044493932645548,0.48286604361370716,155,166,21848,17831,0.10919540229885058
CIC->UNSW,13,baseline,fgsm_eps0.1,0.01961735794263166,0.015720445562342797,0.007953460891696587,0.6704980842911877,175,86,21828,17911,0.25862068965517243
CIC->UNSW,13,baseline,pgd_eps0.1,-0.03842933169898075,0.013734671125975473,0.006999045584692996,0.36492890995260663,154,268,21849,17729,0.11494252873563218
CIC->UNSW,13,baseline,fgsm_eps0.2,-0.006890968544630437,0.01185824012936262,0.0059991819297368545,0.5076923076923077,132,128,21871,17869,0.41954022988505746
CIC->UNSW,13,baseline,pgd_eps0.2,-0.03842933169898075,0.013734671125975473,0.006999045584692996,0.36492890995260663,154,268,21849,17729,0.11494252873563218
CIC->UNSW,13,fewshot,clean,0.6757519111949692,0.8631956326896439,0.9629595964186701,0.7821625013843257,21188,5901,815,12096,
CIC->UNSW,13,fewshot,fgsm_eps0.05,0.48702842906219673,0.7959913833473822,0.9656410489478707,0.6770441654451597,21247,10135,756,7862,0.011751935057579762
CIC->UNSW,13,fewshot,pgd_eps0.05,0.48674506596269523,0.7960251439756089,0.9611416625005681,0.6793228614564261,21148,9983,855,8014,0.012459882952614687
CIC->UNSW,13,fewshot,fgsm_eps0.1,0.4605557277900002,0.787849368010306,0.9589146934508931,0.668578490398631,21099,10459,904,7538,0.018406645270908063
CIC->UNSW,13,fewshot,pgd_eps0.1,0.49007336438428295,0.7970902512108249,0.9611416625005681,0.6808757244043786,21148,9912,855,8085,0.012459882952614687
CIC->UNSW,13,fewshot,fgsm_eps0.2,0.48198679925596877,0.7945888754534461,0.9556878607462619,0.679967663702506,21028,9897,975,8100,0.021616009061733058
CIC->UNSW,13,fewshot,pgd_eps0.2,0.49007336438428295,0.7970902512108249,0.9611416625005681,0.6808757244043786,21148,9912,855,8085,0.012459882952614687
CIC->UNSW,13,adv,clean,0.24430185151364864,0.47296661965209214,0.3429077853020043,0.7619672793375075,7545,2357,14458,15640,
CIC->UNSW,13,adv,fgsm_eps0.05,0.6333734389409859,0.758886437885684,0.6175976003272281,0.9839971035481535,13589,221,8414,17776,0.004108681245858184
CIC->UNSW,13,adv,pgd_eps0.05,0.631978757416686,0.7575681341719077,0.6158705631050311,0.983952948010456,13551,221,8452,17776,0.00437375745526839
CIC->UNSW,13,adv,fgsm_eps0.1,-0.07849762490123409,0.0008095345176523499,0.00040903513157296734,0.03879310344827586,9,223,21994,17774,0.9988071570576541
CIC->UNSW,13,adv,pgd_eps0.1,0.631978757416686,0.7575681341719077,0.6158705631050311,0.983952948010456,13551,221,8452,17776,0.00437375745526839
CIC->UNSW,13,adv,fgsm_eps0.2,-0.058022181163120495,0.005116466944930658,0.0025905558332954596,0.20503597122302158,57,221,21946,17776,0.9977468522200132
CIC->UNSW,13,adv,pgd_eps0.2,0.631978757416686,0.7575681341719077,0.6158705631050311,0.983952948010456,13551,221,8452,17776,0.00437375745526839
CIC->UNSW,13,fewshot_adv,clean,0.6617870411411629,0.8577247247650925,0.9666409126028269,0.7708673118045739,21269,6322,734,11675,
CIC->UNSW,13,fewshot_adv,fgsm_eps0.05,0.16760202127021506,0.48798306902849853,0.382493296368677,0.6738190552441954,8416,4074,13587,13923,0.6201043772626827
CIC->UNSW,13,fewshot_adv,pgd_eps0.05,0.36287620001328974,0.7598663907344879,0.9511884742989593,0.6326209835867364,20929,12154,1074,5843,0.03103107809487987
CIC->UNSW,13,fewshot_adv,fgsm_eps0.1,0.03873053174047381,0.45339800474012015,0.3738581102576921,0.5759294265910523,8226,6057,13777,11940,0.6292256335511778
CIC->UNSW,13,fewshot_adv,pgd_eps0.1,0.11501550366462247,0.6667969666171527,0.7752579193746307,0.5849593635334865,17058,12103,4945,5894,0.2136442710047487
CIC->UNSW,13,fewshot_adv,fgsm_eps0.2,0.18023142722517504,0.4778371954842543,0.36549561423442256,0.6898859054645278,8042,3615,13961,14382,0.6391931919695332
CIC->UNSW,13,fewshot_adv,pgd_eps0.2,0.1150697092035135,0.6668230235512558,0.7753033677225832,0.584973595775324,17059,12103,4944,5894,0.21359725421975645
UNSW->CIC,13,baseline,clean,-0.13669856630744695,0.08511177252865557,0.0984759671746776,0.07494145199063232,672,8295,6152,24881,
UNSW->CIC,13,baseline,fgsm_eps0.05,0.21206439526753765,0.3705915023604554,0.7822391559202814,0.24281295487627366,5338,16646,1486,16530,0.9627976190476191
UNSW->CIC,13,baseline,pgd_eps0.05,0.2208739019258462,0.37188134372339726,0.8322098475967175,0.23943840121426765,5679,18039,1145,15137,0.34077380952380953
UNSW->CIC,13,baseline,fgsm_eps0.1,0.051426556598124534,0.28377230246389124,0.5628663540445487,0.18970711710376845,3841,16406,2983,16770,0.9702380952380952
UNSW->CIC,13,baseline,pgd_eps0.1,0.22331739363715325,0.37331930701206484,0.832063305978898,0.24064420428056793,5678,17917,1146,15259,0.3482142857142857
UNSW->CIC,13,baseline,fgsm_eps0.2,-0.3453358686420151,0.022116497364022117,0.03780773739742087,0.015629732840613073,258,16249,6566,16927,0.9747023809523809
UNSW->CIC,13,baseline,pgd_eps0.2,0.22331739363715325,0.37331930701206484,0.832063305978898,0.24064420428056793,5678,17917,1146,15259,0.3482142857142857
UNSW->CIC,13,fewshot,clean,0.9001806790420114,0.9170299224233469,0.9094372801875733,0.9247504097749962,6206,505,618,32671,
UNSW->CIC,13,fewshot,fgsm_eps0.05,-0.25734246182369463,0.0,0.0,0.0,0,9742,6824,23434,1.0
UNSW->CIC,13,fewshot,pgd_eps0.05,-0.14634589444253115,0.04259511899348189,0.041178194607268466,0.04411302982731554,281,6089,6543,27087,0.9605220754108927
UNSW->CIC,13,fewshot,fgsm_eps0.1,-0.20851949993753385,0.0,0.0,0.0,0,6980,6824,26196,1.0
UNSW->CIC,13,fewshot,pgd_eps0.1,-0.17629007689484472,0.013318878736255226,0.012602579132473623,0.014121510673234812,86,6004,6738,27172,0.9972607154366742
UNSW->CIC,13,fewshot,fgsm_eps0.2,-0.019485738889665035,0.0002894774931249095,0.00014654161781946072,0.011764705882352941,1,84,6823,33092,1.0
UNSW->CIC,13,fewshot,pgd_eps0.2,-0.17430810326344107,0.01516323688689463,0.014361078546307152,0.016060308095706327,98,6004,6726,27172,0.9972607154366742
UNSW->CIC,13,adv,clean,-0.02969054255318172,0.27059162454495456,0.7570339976553341,0.16473739596288148,5166,26193,1658,6983,
UNSW->CIC,13,adv,fgsm_eps0.05,0.1293000008045393,0.3132865188069248,0.9904747948417351,0.18607019958706125,6759,29566,65,3610,0.006775067750677507
UNSW->CIC,13,adv,pgd_eps0.05,-0.450462385293079,0.1634068934976751,0.4866647127784291,0.09818762380628566,3321,30502,3503,2674,0.5960123886953155
UNSW->CIC,13,adv,fgsm_eps0.1,-0.8249168045531153,0.0653790463101578,0.1951934349355217,0.03926539515962621,1332,32591,5492,585,0.7597754548974062
UNSW->CIC,13,adv,pgd_eps0.1,-0.4820805631236882,0.16325838340763713,0.4936987104337632,0.09779958197863446,3369,31079,3455,2097,0.5873015873015873
UNSW->CIC,13,adv,fgsm_eps0.2,-0.6159846104567249,0.15661721761476463,0.4912075029308324,0.09316027903615798,3352,32629,3472,547,0.592140921409214
UNSW->CIC,13,adv,pgd_eps0.2,-0.4820805631236882,0.16325838340763713,0.4936987104337632,0.09779958197863446,3369,31079,3455,2097,0.5873015873015873
UNSW->CIC,13,fewshot_adv,clean,0.9025144858123919,0.9188145287083117,0.9063599062133646,0.9316162072601295,6185,454,639,32722,
UNSW->CIC,13,fewshot_adv,fgsm_eps0.05,-0.11814698398072535,0.026065909514056972,0.020515826494724502,0.03573251659009699,140,3778,6684,29398,0.9982215036378335
UNSW->CIC,13,fewshot_adv,pgd_eps0.05,0.3214029996801534,0.4477495616029097,0.5051289566236812,0.40207628601423073,3447,5126,3377,28050,0.46208569118835896
UNSW->CIC,13,fewshot_adv,fgsm_eps0.1,0.3411548167551137,0.29377033377515366,0.17863423212192261,0.8264406779661017,1219,256,5605,32920,0.8132578819725141
UNSW->CIC,13,fewshot_adv,pgd_eps0.1,0.2803649731545118,0.4152843219518492,0.47142438452520513,0.3710923982004845,3217,5452,3607,27724,0.4974939369442199
UNSW->CIC,13,fewshot_adv,fgsm_eps0.2,0.50997611269971,0.48451375351960146,0.32781359906213364,0.9282157676348548,2237,173,4587,33003,0.6649959579628133
UNSW->CIC,13,fewshot_adv,pgd_eps0.2,0.2834780707345051,0.41741274166342285,0.47142438452520513,0.37450523864959256,3217,5373,3607,27803,0.4974939369442199
CIC->UNSW,42,baseline,clean,-0.07358120774615001,0.02168069448728683,0.011253430924062214,0.29531812725090034,246,587,21614,17553,
CIC->UNSW,42,baseline,fgsm_eps0.05,-0.056376028094963164,0.019446787728100164,0.010018298261665141,0.33031674208144796,219,444,21641,17696,0.2967479674796748
CIC->UNSW,42,baseline,pgd_eps0.05,-0.07052877208744032,0.019113352800637112,0.009881061299176578,0.29110512129380056,216,526,21644,17614,0.12601626016260162
CIC->UNSW,42,baseline,fgsm_eps0.1,-0.052832166523114066,0.022151337940811627,0.011436413540713633,0.351123595505618,250,462,21610,17678,0.2845528455284553
CIC->UNSW,42,baseline,pgd_eps0.1,-0.07052877208744032,0.019113352800637112,0.009881061299176578,0.29110512129380056,216,526,21644,17614,0.12601626016260162
CIC->UNSW,42,baseline,fgsm_eps0.2,-0.03927342504379019,0.03040183292210081,0.01578225068618481,0.4126794258373206,345,491,21515,17649,0.2764227642276423
CIC->UNSW,42,baseline,pgd_eps0.2,-0.07052877208744032,0.019113352800637112,0.009881061299176578,0.29110512129380056,216,526,21644,17614,0.12601626016260162
CIC->UNSW,42,fewshot,clean,0.649912598028276,0.8519416494928678,0.964455626715462,0.7629369617138307,21083,6551,777,11589,
CIC->UNSW,42,fewshot,fgsm_eps0.05,0.5323852248069088,0.809221902017291,0.9634034766697164,0.6975819807883405,21060,9130,800,9010,0.012047621306265712
CIC->UNSW,42,fewshot,pgd_eps0.05,0.5330446180924561,0.8095440166653808,0.9599725526075022,0.6998732657417289,20985,8999,875,9141,0.01138357918702272
CIC->UNSW,42,fewshot,fgsm_eps0.1,0.5282658250691419,0.8078384706921039,0.9627172918572735,0.6958865154421003,21045,9197,815,8943,0.014608926623345824
CIC->UNSW,42,fewshot,pgd_eps0.1,0.5322803443436656,0.8093341582244219,0.9575022872827081,0.7008773104741495,20931,8933,929,9207,0.013565431864535408
CIC->UNSW,42,fewshot,fgsm_eps0.2,0.45431223180148955,0.7839611818472476,0.9534309240622141,0.6656446616205167,20842,10469,1018,7671,0.021723663615235023
CIC->UNSW,42,fewshot,pgd_eps0.2,0.5327684376852025,0.8094952736270321,0.9578225068618481,0.7009474071842255,20938,8933,922,9207,0.013328273964805768
CIC->UNSW,42,adv,clean,0.0,0.0,0.0,0.0,0,0,21860,18140,
CIC->UNSW,42,adv,fgsm_eps0.05,0.0,0.0,0.0,0.0,0,0,21860,18140,
CIC->UNSW,42,adv,pgd_eps0.05,0.0,0.0,0.0,0.0,0,0,21860,18140,
CIC->UNSW,42,adv,fgsm_eps0.1,0.0,0.0,0.0,0.0,0,0,21860,18140,
CIC->UNSW,42,adv,pgd_eps0.1,0.0,0.0,0.0,0.0,0,0,21860,18140,
CIC->UNSW,42,adv,fgsm_eps0.2,0.006441535763687011,0.00018296587686396487,9.149130832570906e-05,1.0,2,0,21858,18140,
CIC->UNSW,42,adv,pgd_eps0.2,0.0,0.0,0.0,0.0,0,0,21860,18140,
CIC->UNSW,42,fewshot_adv,clean,0.6818625317701417,0.8644242249577998,0.9604757548032937,0.7858372632682087,20996,5722,864,12418,
CIC->UNSW,42,fewshot_adv,fgsm_eps0.05,0.6511413488750405,0.8525729322999116,0.9485361390667887,0.7742429334229491,20735,6046,1125,12094,0.024814250333396837
CIC->UNSW,42,fewshot_adv,pgd_eps0.05,0.23728910906691947,0.7281420765027322,0.950914913083257,0.5899364286525145,20787,14449,1073,3691,0.019479900933511145
CIC->UNSW,42,fewshot_adv,fgsm_eps0.1,0.6936093434680977,0.8684199273038272,0.9290027447392498,0.8152549177037335,20308,4602,1552,13538,0.046770813488283484
CIC->UNSW,42,fewshot_adv,pgd_eps0.1,0.23252640550940407,0.7271518311781483,0.9505032021957914,0.5887953753294227,20778,14511,1082,3629,0.019908554010287675
CIC->UNSW,42,fewshot_adv,fgsm_eps0.2,0.5677552922731004,0.8210958792661596,0.9233760292772186,0.7392148245806782,20185,7121,1675,11019,0.050009525623928366
CIC->UNSW,42,fewshot_adv,pgd_eps0.2,0.23252640550940407,0.7271518311781483,0.9505032021957914,0.5887953753294227,20778,14511,1082,3629,0.019908554010287675
UNSW->CIC,42,baseline,clean,-0.05948692851296742,0.00933367902514908,0.005429864253393665,0.033210332103321034,36,1048,6594,32322,
UNSW->CIC,42,baseline,fgsm_eps0.05,-0.19206159242485035,0.00395286963131889,0.00392156862745098,0.003984674329501916,26,6499,6604,26871,0.7222222222222222
UNSW->CIC,42,baseline,pgd_eps0.05,-0.17085254296760485,0.007996083550913838,0.007390648567119155,0.008709562744400995,49,5577,6581,27793,0.2777777777777778
UNSW->CIC,42,baseline,fgsm_eps0.1,-0.19090669049394035,0.003971891231286282,0.00392156862745098,0.004023522129371711,26,6436,6604,26934,0.7222222222222222
UNSW->CIC,42,baseline,pgd_eps0.1,-0.1731675498421684,0.007918552036199095,0.007390648567119155,0.008527671423599026,49,5697,6581,27673,0.2777777777777778
UNSW->CIC,42,baseline,fgsm_eps0.2,-0.18816481636251292,0.004168918397282483,0.004072398190045249,0.004270124940692709,27,6296,6603,27074,0.7222222222222222
UNSW->CIC,42,baseline,pgd_eps0.2,-0.1732829170026058,0.007914714908738492,0.007390648567119155,0.008518776077885953,49,5703,6581,27667,0.2777777777777778
UNSW->CIC,42,fewshot,clean,0.8971749536652646,0.9137016829324521,0.8966817496229261,0.9313802287325709,5945,438,685,32932,
UNSW->CIC,42,fewshot,fgsm_eps0.05,-0.059588146661943286,0.04488506373243273,0.031070889894419307,0.08081600627697136,206,2343,6424,31027,0.9655172413793104
UNSW->CIC,42,fewshot,pgd_eps0.05,-0.037063591445450045,0.11273130382877121,0.09969834087481147,0.12968412791838335,661,4436,5969,28934,0.8891505466778806
UNSW->CIC,42,fewshot,fgsm_eps0.1,-0.11884095466038726,0.0357269818698898,0.030316742081447964,0.04348766767633059,201,4421,6429,28949,0.9661900756938604
UNSW->CIC,42,fewshot,pgd_eps0.1,-0.05191239185610038,0.10805067429505517,0.09969834087481147,0.11793041926851026,661,4944,5969,28426,0.8891505466778806
UNSW->CIC,42,fewshot,fgsm_eps0.2,-0.13551339064703444,0.033547525661353585,0.030316742081447964,0.03754903792266019,201,5152,6429,28218,0.9661900756938604
UNSW->CIC,42,fewshot,pgd_eps0.2,-0.05179945630270506,0.10808601095576813,0.09969834087481147,0.11801464024281379,661,4940,5969,28430,0.8891505466778806
UNSW->CIC,42,adv,clean,-0.053017385888274406,0.18589933748640364,0.28355957767722473,0.13827596351868196,1880,11716,4750,21654,
UNSW->CIC,42,adv,fgsm_eps0.05,-0.18450628717035136,0.12201682107330401,0.21553544494720966,0.08509498005121181,1429,15364,5201,18006,0.27606382978723404
UNSW->CIC,42,adv,pgd_eps0.05,-0.2581295395406539,0.12859124902710567,0.2865761689291101,0.08289341651760394,1900,21021,4730,12349,0.015957446808510637
UNSW->CIC,42,adv,fgsm_eps0.1,-0.19963328579940062,0.11891087881667561,0.21704374057315234,0.08188698571672452,1439,16134,5191,17236,0.275531914893617
UNSW->CIC,42,adv,pgd_eps0.1,-0.2526192695497619,0.1295405709608104,0.2864253393665158,0.08369694565648553,1899,20790,4731,12580,0.015957446808510637
UNSW->CIC,42,adv,fgsm_eps0.2,-0.22466780947866788,0.11353161315737641,0.21734539969834088,0.07683284457478005,1441,17314,5189,16056,0.2702127659574468
UNSW->CIC,42,adv,pgd_eps0.2,-0.2525950494872257,0.12954498942629103,0.2864253393665158,0.083700634696756,1899,20789,4731,12581,0.015957446808510637
UNSW->CIC,42,fewshot_adv,clean,0.8971936880994674,0.9138393199050318,0.8998491704374058,0.9282713552201649,5966,461,664,32909,
UNSW->CIC,42,fewshot_adv,fgsm_eps0.05,0.17782765655680718,0.24440474939581802,0.17541478129713423,0.40284031866989956,1163,1724,5467,31646,0.8405967147167281
UNSW->CIC,42,fewshot_adv,pgd_eps0.05,-0.10256678694457233,0.03043990573448547,0.023378582202111614,0.04361283061339336,155,3399,6475,29971,0.9740194435132417
UNSW->CIC,42,fewshot_adv,fgsm_eps0.1,0.15633930220440095,0.20876919652793233,0.14147812971342383,0.39813242784380304,938,1418,5692,31952,0.8452899765336909
UNSW->CIC,42,fewshot_adv,pgd_eps0.1,-0.10539189688415788,0.030117555620324494,0.023378582202111614,0.042315042315042316,155,3508,6475,29862,0.9740194435132417
UNSW->CIC,42,fewshot_adv,fgsm_eps0.2,0.1070230281558073,0.1743905117504942,0.11975867269984918,0.32067851373182554,794,1682,5836,31688,0.8709353000335233
UNSW->CIC,42,fewshot_adv,pgd_eps0.2,-0.10536619530402293,0.030120481927710843,0.023378582202111614,0.042326597487711635,155,3507,6475,29863,0.9740194435132417
CIC->UNSW,101,baseline,clean,-0.027688304155776496,0.3907907563507082,0.30911235088674194,0.5311355311355311,6815,6016,15232,11937,
CIC->UNSW,101,baseline,fgsm_eps0.05,-0.30479031994066647,0.23732732212010865,0.18623849049757338,0.3270410195141378,4106,8449,17941,9504,0.4746881878209831
CIC->UNSW,101,baseline,pgd_eps0.05,-0.32093352325668884,0.2262301736886363,0.176940173266204,0.31358520900321546,3901,8539,18146,9414,0.4566397652237711
CIC->UNSW,101,baseline,fgsm_eps0.1,-0.4068486274243845,0.23515445838392013,0.197668617045403,0.2901851111998935,4358,10660,17689,7293,0.43800440205429203
CIC->UNSW,101,baseline,pgd_eps0.1,-0.32093352325668884,0.2262301736886363,0.176940173266204,0.31358520900321546,3901,8539,18146,9414,0.4566397652237711
CIC->UNSW,101,baseline,fgsm_eps0.2,-0.38936204922551343,0.2385146523133801,0.19898398875130402,0.2976457018793677,4387,10352,17660,7601,0.4384446074834923
CIC->UNSW,101,baseline,pgd_eps0.2,-0.32093352325668884,0.2262301736886363,0.176940173266204,0.31358520900321546,3901,8539,18146,9414,0.4566397652237711
CIC->UNSW,101,fewshot,clean,0.629765580748924,0.8449613910878572,0.9852134077198712,0.7396649186133624,21721,7645,326,10308,
CIC->UNSW,101,fewshot,fgsm_eps0.05,0.4760270732118759,0.7926056856679924,0.9762779516487504,0.667100573376724,21524,10741,523,7212,0.013305096450439667
CIC->UNSW,101,fewshot,pgd_eps0.05,0.47354253030878646,0.7918714451377767,0.9756429446183155,0.6663568773234201,21510,10770,537,7183,0.012246213341927168
CIC->UNSW,101,fewshot,fgsm_eps0.1,0.39626895836092413,0.7692692692692693,0.976005805778564,0.6348054400094404,21518,12379,529,5574,0.014317941162929884
CIC->UNSW,101,fewshot,pgd_eps0.1,0.4710191990784907,0.7911739787085129,0.9741914999773211,0.6660464539336992,21478,10769,569,7184,0.01371944201464021
CIC->UNSW,101,fewshot,fgsm_eps0.2,0.36817515497528247,0.7620611490888322,0.9682950061232821,0.6282519128899352,21348,12632,699,5321,0.02223654527876249
CIC->UNSW,101,fewshot,pgd_eps0.2,0.4709390604035441,0.7911517138489308,0.9741461423322901,0.6660360975004652,21477,10769,570,7184,0.013811518806684775
CIC->UNSW,101,adv,clean,-0.22642498617155243,0.0,0.0,0.0,0,1603,22047,16350,
CIC->UNSW,101,adv,fgsm_eps0.05,-0.026580616741954177,0.0,0.0,0.0,0,23,22047,17930,
CIC->UNSW,101,adv,pgd_eps0.05,-0.007894460708183873,9.069472156720479e-05,4.5357645031069986e-05,0.2,1,4,22046,17949,
CIC->UNSW,101,adv,fgsm_eps0.1,-0.021463637007979593,0.0,0.0,0.0,0,15,22047,17938,
CIC->UNSW,101,adv,pgd_eps0.1,-0.007894460708183873,9.069472156720479e-05,4.5357645031069986e-05,0.2,1,4,22046,17949,
CIC->UNSW,101,adv,fgsm_eps0.2,0.0,0.0,0.0,0.0,0,0,22047,17953,
CIC->UNSW,101,adv,pgd_eps0.2,-0.007894460708183873,9.069472156720479e-05,4.5357645031069986e-05,0.2,1,4,22046,17949,
CIC->UNSW,101,fewshot_adv,clean,0.6555683472068403,0.8555185414214758,0.9726493400462648,0.7635664435265632,21444,6640,603,11313,
CIC->UNSW,101,fewshot_adv,fgsm_eps0.05,0.4755058200449078,0.7923404880917377,0.9778201115798067,0.6660075998640674,21558,10811,489,7142,0.006388733445252751
CIC->UNSW,101,fewshot_adv,pgd_eps0.05,0.2933379993732738,0.7440670642122548,0.9762779516487504,0.60109472743521,21524,14284,523,3669,0.0068084312628241
CIC->UNSW,101,fewshot_adv,fgsm_eps0.1,0.5680941188888491,0.8238424487259167,0.9619902934639634,0.7203899324071873,21209,8232,838,9721,0.02387614251072561
CIC->UNSW,101,fewshot_adv,pgd_eps0.1,0.26803217649065464,0.7387885447428061,0.9758697328434708,0.5943862751056718,21515,14682,532,3271,0.007228129080395449
CIC->UNSW,101,fewshot_adv,fgsm_eps0.2,0.7636567812372814,0.8984528357641893,0.9653467591962626,0.8402289774970391,21283,4047,764,13906,0.021031523969408692
CIC->UNSW,101,fewshot_adv,pgd_eps0.2,0.26803217649065464,0.7387885447428061,0.9758697328434708,0.5943862751056718,21515,14682,532,3271,0.007228129080395449
UNSW->CIC,101,baseline,clean,-0.05928362093687178,0.01317588564325668,0.007742878013148284,0.04416666666666667,53,1147,6792,32008,
UNSW->CIC,101,baseline,fgsm_eps0.05,-0.03225011852820168,0.08017727639000806,0.05814463111760409,0.12909503730132987,398,2685,6447,30470,0.7547169811320755
UNSW->CIC,101,baseline,pgd_eps0.05,-0.07555568351512963,0.05866264264830708,0.045434623813002194,0.082756785524215,311,3447,6534,29708,0.6037735849056604
UNSW->CIC,101,baseline,fgsm_eps0.1,-0.02290009223380023,0.08261227853316852,0.05858290723155588,0.14006287111421586,401,2462,6444,30693,0.7547169811320755
UNSW->CIC,101,baseline,pgd_eps0.1,-0.07543594494931567,0.05868478158316822,0.045434623813002194,0.08284496537027171,311,3443,6534,29712,0.5849056603773585
UNSW->CIC,101,baseline,fgsm_eps0.2,-0.021979894778207845,0.08310991957104558,0.05887509130752374,0.14125481948825797,403,2450,6442,30705,0.7547169811320755
UNSW->CIC,101,baseline,pgd_eps0.2,-0.07579489648800287,0.05861841485251154,0.045434623813002194,0.08258098778544876,311,3455,6534,29700,0.5849056603773585
UNSW->CIC,101,fewshot,clean,0.8974602495828967,0.9145952363285598,0.9003652300949598,0.9292822677925211,6163,469,682,32686,
UNSW->CIC,101,fewshot,fgsm_eps0.05,-0.1335073233668066,0.015281229862837154,0.012125639152666179,0.020657043305126927,83,3935,6762,29220,0.9868570501379198
UNSW->CIC,101,fewshot,pgd_eps0.05,0.15827847226751976,0.16499091459721382,0.09948867786705624,0.4829787234042553,681,729,6164,32426,0.8907999350965439
UNSW->CIC,101,fewshot,fgsm_eps0.1,-0.1712768778727803,0.009357102524804388,0.008473338203067933,0.010446685878962535,58,5494,6787,27661,0.9905889988641895
UNSW->CIC,101,fewshot,pgd_eps0.1,0.05937701105046649,0.14308225653955248,0.09948867786705624,0.25467464472700074,681,1993,6164,31162,0.8901509005354535
UNSW->CIC,101,fewshot,fgsm_eps0.2,-0.16958755508355064,0.008643183300717547,0.007742878013148284,0.009780402288245064,53,5366,6792,27789,0.9914002920655525
UNSW->CIC,101,fewshot,pgd_eps0.2,0.05916698971660761,0.14288716116831268,0.09934258582907232,0.2543958099513655,680,1993,6165,31162,0.8903131591757261
UNSW->CIC,101,adv,clean,-0.0938383263581166,0.1518709879442618,0.21256391526661797,0.11813900617083468,1455,10861,5390,22294,
UNSW->CIC,101,adv,fgsm_eps0.05,0.03421948111523066,0.29243454211791464,0.8264426588750913,0.17764728049240044,5657,26187,1188,6968,0.35601374570446737
UNSW->CIC,101,adv,pgd_eps0.05,-0.24634818357219185,0.0885904906680179,0.15325054784514244,0.06230326067589238,1049,15788,5796,17367,0.32852233676975945
UNSW->CIC,101,adv,fgsm_eps0.1,-0.016020265535331753,0.2796803652968037,0.8232286340394448,0.16845535260530328,5635,27816,1210,5339,0.3649484536082474
UNSW->CIC,101,adv,pgd_eps0.1,-0.22189459338517897,0.09332682147138481,0.1535427319211103,0.06703661181273121,1051,14627,5794,18528,0.32920962199312714
UNSW->CIC,101,adv,fgsm_eps0.2,-0.1446774302697574,0.26004793510324486,0.8242512783053324,0.15437655621528443,5642,30905,1203,2250,0.3642611683848797
UNSW->CIC,101,adv,pgd_eps0.2,-0.22153962180898612,0.0935210266885741,0.15383491599707816,0.06718131938241674,1053,14621,5792,18534,0.32920962199312714
UNSW->CIC,101,fewshot_adv,clean,0.8941594858084688,0.9117428188718559,0.8949598246895544,0.9291672986500834,6126,467,719,32688,
UNSW->CIC,101,fewshot_adv,fgsm_eps0.05,-0.025209250206125477,0.006133258990800111,0.003214024835646457,0.0668693009118541,22,307,6823,32848,0.9978778974861248
UNSW->CIC,101,fewshot_adv,pgd_eps0.05,0.47975910045016296,0.4904393816110659,0.35222790357925493,0.8071643789755608,2411,576,4434,32579,0.6074110349330721
UNSW->CIC,101,fewshot_adv,fgsm_eps0.1,0.07338356675509843,0.05217630097487299,0.027757487216946677,0.4337899543378995,190,248,6655,32907,0.9743715311785831
UNSW->CIC,101,fewshot_adv,pgd_eps0.1,0.47797466713010894,0.49062721653662983,0.35368882395909423,0.8005952380952381,2421,603,4424,32552,0.6057786483839374
UNSW->CIC,101,fewshot_adv,fgsm_eps0.2,0.008990350851962627,0.04873692268435825,0.027903579254930606,0.19234642497482377,191,802,6654,32353,0.975350963108064
UNSW->CIC,101,fewshot_adv,pgd_eps0.2,0.4771671434662737,0.49027946537059536,0.35368882395909423,0.7987462883536787,2421,610,4424,32545,0.6057786483839374
CIC->UNSW,202,baseline,clean,-0.027594360125519083,0.018014820073656655,0.009201758759802366,0.4264705882352941,203,273,21858,17666,
CIC->UNSW,202,baseline,fgsm_eps0.05,-0.08501434037131615,0.012941849716071664,0.006663342550201713,0.22408536585365854,147,509,21914,17430,0.49261083743842365
CIC->UNSW,202,baseline,pgd_eps0.05,-0.11734580886978123,0.01178061870064139,0.006119396219573002,0.15734265734265734,135,723,21926,17216,0.3694581280788177
CIC->UNSW,202,baseline,fgsm_eps0.1,-0.04564879584838689,0.01052021575357732,0.0053488055845156614,0.3172043010752688,118,254,21943,17685,0.5123152709359606
CIC->UNSW,202,baseline,pgd_eps0.1,-0.11794112554888492,0.01169233454037782,0.006074067358687276,0.1558139534883721,134,726,21927,17213,0.37438423645320196
CIC->UNSW,202,baseline,fgsm_eps0.2,-0.06709262328099905,0.010559006211180125,0.005394134445401387,0.24843423799582465,119,360,21942,17579,0.5270935960591133
CIC->UNSW,202,baseline,pgd_eps0.2,-0.11794112554888492,0.01169233454037782,0.006074067358687276,0.1558139534883721,134,726,21927,17213,0.37438423645320196
CIC->UNSW,202,fewshot,clean,0.6480373573814645,0.8530809488480279,0.9642355287611623,0.7649047105357785,21272,6538,789,11401,
CIC->UNSW,202,fewshot,fgsm_eps0.05,0.6013446957357439,0.8359794675898293,0.9523140383482163,0.7449735824970746,21009,7192,1052,10747,0.0179578789018428
CIC->UNSW,202,fewshot,pgd_eps0.05,0.6129675271377923,0.840206598334401,0.9512261456869588,0.7523932451328386,20985,6906,1076,11033,0.017628807822489656
CIC->UNSW,202,fewshot,fgsm_eps0.1,0.5777742375529767,0.8274916547448736,0.9438828702234713,0.7366540488909329,20823,7444,1238,10495,0.027077848815344113
CIC->UNSW,202,fewshot,pgd_eps0.1,0.5998679917046668,0.8353652413183635,0.9426589909795566,0.75,20796,6932,1265,11007,0.026513726965024444
CIC->UNSW,202,fewshot,fgsm_eps0.2,0.5775822189966643,0.8272701804938568,0.9369928833688409,0.7405509977429872,20671,7242,1390,10697,0.03398834148176006
CIC->UNSW,202,fewshot,pgd_eps0.2,0.5997429858742049,0.8353184566252234,0.9425683332577852,0.7499819663853423,20794,6932,1267,11007,0.026607747273411055
CIC->UNSW,202,adv,clean,-0.005544838680477023,0.0,0.0,0.0,0,1,22061,17938,
CIC->UNSW,202,adv,fgsm_eps0.05,0.0,0.0,0.0,0.0,0,0,22061,17939,
CIC->UNSW,202,adv,pgd_eps0.05,0.0,0.0,0.0,0.0,0,0,22061,17939,
CIC->UNSW,202,adv,fgsm_eps0.1,-0.08738030261233036,0.0005374177079134758,0.00027197316531435564,0.022388059701492536,6,262,22055,17677,
CIC->UNSW,202,adv,pgd_eps0.1,0.0,0.0,0.0,0.0,0,0,22061,17939,
CIC->UNSW,202,adv,fgsm_eps0.2,0.20615605729337777,0.28678763289379766,0.1730202620008159,0.8374286967968407,3817,741,18244,17198,
CIC->UNSW,202,adv,pgd_eps0.2,0.0,0.0,0.0,0.0,0,0,22061,17939,
CIC->UNSW,202,fewshot_adv,clean,0.6579229177711013,0.8569510557793238,0.9547617968360456,0.7773185223456471,21063,6034,998,11905,
CIC->UNSW,202,fewshot_adv,fgsm_eps0.05,0.5021825663744747,0.8018529815464389,0.9533112732877023,0.6919230136535615,21031,9364,1030,8575,0.015287470920571618
CIC->UNSW,202,fewshot_adv,pgd_eps0.05,0.4830372009150862,0.7957042107054397,0.9538098907574453,0.6825613079019074,21042,9786,1019,8153,0.012201490765797844
CIC->UNSW,202,fewshot_adv,fgsm_eps0.1,0.5236116520469546,0.8084318360914106,0.9300575676533249,0.7149378027108958,20518,8181,1543,9758,0.039358116127807055
CIC->UNSW,202,fewshot_adv,pgd_eps0.1,0.47669596091789995,0.7936946483990613,0.9505915416345587,0.6812526394438488,20971,9812,1090,8127,0.01547737739163462
CIC->UNSW,202,fewshot_adv,fgsm_eps0.2,0.5082975075780672,0.8030708661417323,0.9246181043470377,0.7097672152823689,20398,8341,1663,9598,0.04410577790438209
CIC->UNSW,202,fewshot_adv,pgd_eps0.2,0.4767676163947916,0.7937174756362948,0.9506368704954444,0.6812629937629938,20972,9812,1089,8127,0.01542990077386887
UNSW->CIC,202,baseline,clean,-0.11529269586666502,0.0847810979847116,0.09061200237670826,0.07965526247061896,610,7048,6122,26220,
UNSW->CIC,202,baseline,fgsm_eps0.05,0.6377155375922147,0.7000794395898029,0.7199940582293524,0.6812368236120872,4847,2268,1885,31000,0.8508196721311475
UNSW->CIC,202,baseline,pgd_eps0.05,0.7307272704653889,0.7690944247502417,0.7090017825311943,0.8403169014084507,4773,907,1959,32361,0.8704918032786885
UNSW->CIC,202,baseline,fgsm_eps0.1,0.6456546616702724,0.7062937062937062,0.7201426024955436,0.692967409948542,4848,2148,1884,31120,0.8573770491803279
UNSW->CIC,202,baseline,pgd_eps0.1,0.7210263948506968,0.7621099672811428,0.7092988710635769,0.8234178306604587,4775,1024,1957,32244,0.8672131147540983
UNSW->CIC,202,baseline,fgsm_eps0.2,0.6428739608651174,0.7041312713279605,0.720291146761735,0.6886805851441556,4849,2192,1883,31076,0.8573770491803279
UNSW->CIC,202,baseline,pgd_eps0.2,0.7206014393007163,0.7617146962560869,0.7087046939988116,0.8232959447799827,4771,1024,1961,32244,0.8721311475409836
UNSW->CIC,202,fewshot,clean,0.9057292591654447,0.9212942061700526,0.9093879976232917,0.9335163159499847,6122,436,610,32832,
UNSW->CIC,202,fewshot,fgsm_eps0.05,-0.17604250884840072,0.0003315375051802735,0.00029708853238265005,0.0003750234389649353,2,5331,6730,27937,0.999673309376021
UNSW->CIC,202,fewshot,pgd_eps0.05,-0.1638766737993667,0.0005240174672489083,0.000445632798573975,0.000635862653666808,3,4715,6729,28553,0.9995099640640314
UNSW->CIC,202,fewshot,fgsm_eps0.1,-0.1738374222257532,0.00033472803347280337,0.00029708853238265005,0.0003832886163280951,2,5216,6730,28052,0.999673309376021
UNSW->CIC,202,fewshot,pgd_eps0.1,-0.1756736926681687,0.0004976775049767751,0.000445632798573975,0.0005634861006761833,3,5321,6729,27947,0.9995099640640314
UNSW->CIC,202,fewshot,fgsm_eps0.2,-0.08714929609275314,0.0,0.0,0.0,0,1447,6732,31821,1.0
UNSW->CIC,202,fewshot,pgd_eps0.2,-0.1756736926681687,0.0004976775049767751,0.000445632798573975,0.0005634861006761833,3,5321,6729,27947,0.9995099640640314
UNSW->CIC,202,adv,clean,-0.1622426332618187,0.1435944015523719,0.2583184789067142,0.09943392989879353,1739,15750,4993,17518,
UNSW->CIC,202,adv,fgsm_eps0.05,0.2203354639369666,0.3466680485024355,0.9937611408199644,0.2099548079337183,6690,25174,42,8094,0.002875215641173088
UNSW->CIC,202,adv,pgd_eps0.05,0.22179104433055824,0.350837869569858,0.9765300059417706,0.2138303408795212,6574,24170,158,9098,0.03737780333525014
UNSW->CIC,202,adv,fgsm_eps0.1,0.260068777775266,0.36856338650035875,0.9919786096256684,0.22632684877652004,6678,22828,54,10440,0.006900517538815411
UNSW->CIC,202,adv,pgd_eps0.1,0.2861193819466743,0.3857811909125287,0.9849970291146761,0.23986254295532647,6631,21014,101,12254,0.02702702702702703
UNSW->CIC,202,adv,fgsm_eps0.2,0.27767746118401576,0.3789933609487601,0.9921271538918598,0.2342358139861121,6679,21835,53,11433,0.007475560667050029
UNSW->CIC,202,adv,pgd_eps0.2,0.2861014457694206,0.3857699691663273,0.9849970291146761,0.23985386674383274,6631,21015,101,12253,0.02702702702702703
UNSW->CIC,202,fewshot_adv,clean,0.9032882029495062,0.9192565279554519,0.9073083778966132,0.9315235626048498,6108,449,624,32819,
UNSW->CIC,202,fewshot_adv,fgsm_eps0.05,-0.14616517771122484,0.004803251431738408,0.0038621509209744503,0.006350757205666829,26,4068,6706,29200,0.9957432874918141
UNSW->CIC,202,fewshot_adv,pgd_eps0.05,0.3925536319568999,0.4981013111700222,0.5163398692810458,0.48110726643598617,3476,3749,3256,29519,0.4471185330713818
UNSW->CIC,202,fewshot_adv,fgsm_eps0.1,0.31313245501084225,0.32217620060450014,0.2137551990493167,0.6537937301226715,1439,762,5293,32506,0.787328094302554
UNSW->CIC,202,fewshot_adv,pgd_eps0.1,0.24107898469451322,0.36236282979220175,0.34581105169340465,0.3805787150564002,2328,3789,4404,29479,0.619351669941061
UNSW->CIC,202,fewshot_adv,fgsm_eps0.2,0.13338578412631047,0.14790205487879907,0.08927510398098633,0.43082437275985663,601,794,6131,32474,0.9173215455140799
UNSW->CIC,202,fewshot_adv,pgd_eps0.2,0.24112638342173082,0.36239103362391034,0.34581105169340465,0.3806409417920209,2328,3788,4404,29480,0.619351669941061
CIC->UNSW,303,baseline,clean,-0.08916570751726699,0.14002501800538267,0.08387067477976569,0.42372103693507684,1847,2512,20175,15466,
CIC->UNSW,303,baseline,fgsm_eps0.05,-0.2144233664268003,0.12470916705444393,0.07910271546635184,0.2945054945054945,1742,4173,20280,13805,0.12831618841364376
CIC->UNSW,303,baseline,pgd_eps0.05,-0.17582824056560883,0.1636814357040606,0.10643901552992462,0.3541320441154253,2344,4275,19678,13703,0.10016242555495398
CIC->UNSW,303,baseline,fgsm_eps0.1,-0.23210585984342383,0.12805522293442276,0.0825538098265371,0.2853107344632768,1818,4554,20204,13424,0.11640498105035192
CIC->UNSW,303,baseline,pgd_eps0.1,-0.17582824056560883,0.1636814357040606,0.10643901552992462,0.3541320441154253,2344,4275,19678,13703,0.10016242555495398
CIC->UNSW,303,baseline,fgsm_eps0.2,-0.23395952316634094,0.15143246930422918,0.10080828262646445,0.30419292956974514,2220,5078,19802,12900,0.10557661072008663
CIC->UNSW,303,baseline,pgd_eps0.2,-0.17582824056560883,0.1636814357040606,0.10643901552992462,0.3541320441154253,2344,4275,19678,13703,0.10016242555495398
CIC->UNSW,303,fewshot,clean,0.6477237138980934,0.8522233034774492,0.9742984288438834,0.7573329568317391,21456,6875,566,11103,
CIC->UNSW,303,fewshot,fgsm_eps0.05,0.5276719253665986,0.8096374501231409,0.9628553264916901,0.6984879928846724,21204,9153,818,8825,0.023350111856823265
CIC->UNSW,303,fewshot,pgd_eps0.05,0.526579603075157,0.809313528703332,0.961220597584234,0.6988675756875433,21168,9121,854,8857,0.018409768829231916
CIC->UNSW,303,fewshot,fgsm_eps0.1,0.503409933445735,0.8017013842735886,0.9585868676777768,0.6889461832185634,21110,9531,912,8447,0.027777777777777776
CIC->UNSW,303,fewshot,pgd_eps0.1,0.52473999144975,0.8087066197829078,0.9608119153573699,0.6981785784993071,21159,9147,863,8831,0.018829231916480237
CIC->UNSW,303,fewshot,fgsm_eps0.2,0.48625796832091833,0.7961913398322376,0.9568613204976841,0.6817211258492397,21072,9838,950,8140,0.030387770320656225
CIC->UNSW,303,fewshot,pgd_eps0.2,0.52473999144975,0.8087066197829078,0.9608119153573699,0.6981785784993071,21159,9147,863,8831,0.018829231916480237
CIC->UNSW,303,adv,clean,-0.2555931431508577,0.0009134315964293129,0.0004995004995004995,0.005332040717401842,11,2052,22011,15926,
CIC->UNSW,303,adv,fgsm_eps0.05,0.0,0.0,0.0,0.0,0,0,22022,17978,1.0
CIC->UNSW,303,adv,pgd_eps0.05,0.004517703682114533,9.081414884438995e-05,4.5409136318227226e-05,1.0,1,0,22021,17978,1.0
CIC->UNSW,303,adv,fgsm_eps0.1,0.0,0.0,0.0,0.0,0,0,22022,17978,1.0
CIC->UNSW,303,adv,pgd_eps0.1,0.004517703682114533,9.081414884438995e-05,4.5409136318227226e-05,1.0,1,0,22021,17978,1.0
CIC->UNSW,303,adv,fgsm_eps0.2,0.0,0.0,0.0,0.0,0,0,22022,17978,1.0
CIC->UNSW,303,adv,pgd_eps0.2,0.004517703682114533,9.081414884438995e-05,4.5409136318227226e-05,1.0,1,0,22021,17978,1.0
CIC->UNSW,303,fewshot_adv,clean,0.6504902629099871,0.8536511828907961,0.9642630097175552,0.7658047531465253,21235,6494,787,11484,
CIC->UNSW,303,fewshot_adv,fgsm_eps0.05,0.44599128130620047,0.7836294064365862,0.9624920534011443,0.6608261886204209,21196,10879,826,7099,0.01770661643513068
CIC->UNSW,303,fewshot_adv,pgd_eps0.05,0.41672660366448944,0.7750809061488673,0.957042957042957,0.6512576478585996,21076,11286,946,6692,0.01780080056510478
CIC->UNSW,303,fewshot_adv,fgsm_eps0.1,0.446213103038149,0.7832532967451787,0.9332031604758877,0.6748210415708938,20551,9903,1471,8075,0.04878737932658347
CIC->UNSW,303,fewshot_adv,pgd_eps0.1,0.4155262003365681,0.7747356807943366,0.956634274816093,0.6509594289775361,21067,11296,955,6682,0.018224629149988226
CIC->UNSW,303,fewshot_adv,fgsm_eps0.2,0.4992364841360321,0.799361047566459,0.9203069657615112,0.7065118873317995,20267,8419,1755,9559,0.06065457970331999
CIC->UNSW,303,fewshot_adv,pgd_eps0.2,0.415447948549318,0.7747131509267432,0.9565888656797747,0.6509486434707373,21066,11296,956,6682,0.01827172121497528
UNSW->CIC,303,baseline,clean,-0.061274290062008525,0.012022542266750157,0.007091150834687547,0.039473684210526314,48,1168,6721,32063,
UNSW->CIC,303,baseline,fgsm_eps0.05,-0.18739064867193678,0.07169331194335343,0.09573053626828187,0.05730456314113902,648,10660,6121,22571,0.875
UNSW->CIC,303,baseline,pgd_eps0.05,-0.2620845211641993,0.0022322739822592964,0.0028069138720638203,0.0018529354398283597,19,10235,6750,22996,0.7708333333333334
UNSW->CIC,303,baseline,fgsm_eps0.1,-0.19381204377102235,0.0703605024196618,0.09558280395922589,0.05567028050249527,647,10975,6122,22256,0.8958333333333334
UNSW->CIC,303,baseline,pgd_eps0.1,-0.2719024785644788,0.001822427245287317,0.0023637169448958487,0.0014828544949026877,16,10774,6753,22457,0.8125
UNSW->CIC,303,baseline,fgsm_eps0.2,-0.19269334560058726,0.07081767173285396,0.09602600088639385,0.05609250949257853,650,10938,6119,22293,0.8125
UNSW->CIC,303,baseline,pgd_eps0.2,-0.27263656947737874,0.0018180785182660077,0.0023637169448958487,0.0014771048744460858,16,10816,6753,22415,0.8125
UNSW->CIC,303,fewshot,clean,0.8952707699809447,0.9126693107835067,0.9008716206234303,0.9247801031240521,6098,496,671,32735,
UNSW->CIC,303,fewshot,fgsm_eps0.05,-0.14134716168761294,0.030502885408079144,0.02733047717535825,0.03450848722253311,185,5176,6584,28055,0.9696621843227288
UNSW->CIC,303,fewshot,pgd_eps0.05,-0.27458794379234286,0.04846466888642249,0.07741172994533904,0.035274318411309326,524,14331,6245,18900,0.9140701869465399
UNSW->CIC,303,fewshot,fgsm_eps0.1,-0.17411184636354843,0.026999416228838294,0.02733047717535825,0.026676279740447006,185,6750,6584,26481,0.9696621843227288
UNSW->CIC,303,fewshot,pgd_eps0.1,-0.27458794379234286,0.04846466888642249,0.07741172994533904,0.035274318411309326,524,14331,6245,18900,0.9140701869465399
UNSW->CIC,303,fewshot,fgsm_eps0.2,-0.1652528121154147,0.026967653965608667,0.026296351011966316,0.02767412935323383,178,6254,6591,26977,0.9708101016726796
UNSW->CIC,303,fewshot,pgd_eps0.2,-0.27458794379234286,0.04846466888642249,0.07741172994533904,0.035274318411309326,524,14331,6245,18900,0.9140701869465399
UNSW->CIC,303,adv,clean,-0.05711599794677622,0.15522460346288897,0.18939282020977988,0.13150066673504976,1282,8467,5487,24764,
UNSW->CIC,303,adv,fgsm_eps0.05,-0.42112327904100405,0.009035913929091048,0.017432412468606884,0.006098506382758799,118,19231,6651,14000,0.9251170046801872
UNSW->CIC,303,adv,pgd_eps0.05,-0.3888779220960544,0.08162608947351493,0.187472300192052,0.05217069560927479,1269,23055,5500,10176,0.0218408736349454
UNSW->CIC,303,adv,fgsm_eps0.1,-0.4217839985269723,0.00813039309683605,0.015659624759934997,0.005490521081529059,106,19200,6663,14031,0.9274570982839313
UNSW->CIC,303,adv,pgd_eps0.1,-0.388768863052673,0.0816877854248408,0.18762003250110798,0.05220966084275437,1270,23055,5499,10176,0.01794071762870515
UNSW->CIC,303,adv,fgsm_eps0.2,-0.4219853252038484,0.007977907333537895,0.015364160141823017,0.0053877635600683834,104,19199,6665,14032,0.9290171606864275
UNSW->CIC,303,adv,pgd_eps0.2,-0.3888779220960544,0.08162608947351493,0.187472300192052,0.05217069560927479,1269,23055,5500,10176,0.0187207488299532
UNSW->CIC,303,fewshot_adv,clean,0.8944936613619883,0.9121157863324381,0.9030876052592702,0.9213262999246421,6113,522,656,32709,
UNSW->CIC,303,fewshot_adv,fgsm_eps0.05,0.07602368493769332,0.02239674229203025,0.011375387797311272,0.719626168224299,77,30,6692,33201,0.9875674791428104
UNSW->CIC,303,fewshot_adv,pgd_eps0.05,0.0215346166630738,0.008463446665693857,0.004284236962623726,0.34523809523809523,29,55,6740,33176,0.9952560117781777
UNSW->CIC,303,fewshot_adv,fgsm_eps0.1,0.2125726285828687,0.11883098979873173,0.06367262520313192,0.8886597938144329,431,54,6338,33177,0.938164567315557
UNSW->CIC,303,fewshot_adv,pgd_eps0.1,-0.0017822544455986487,0.008344123147748525,0.004284236962623726,0.15934065934065933,29,153,6740,33078,0.9952560117781777
UNSW->CIC,303,fewshot_adv,fgsm_eps0.2,0.6443091381925135,0.6578997161778619,0.5136652385876791,0.914759273875296,3477,324,3292,32907,0.4711271061671847
UNSW->CIC,303,fewshot_adv,pgd_eps0.2,-0.0038280512023656844,0.00832854681217691,0.004284236962623726,0.14871794871794872,29,166,6740,33065,0.9952560117781777
